IndicatorCode,Indicator,ValueType,ParentLocationCode,ParentLocation,Location type,SpatialDimValueCode,Location,Period type,Period,IsLatestYear,Dim1 type,Dim1,Dim1ValueCode,Dim2 type,Dim2,Dim2ValueCode,Dim3 type,Dim3,Dim3ValueCode,DataSourceDimValueCode,DataSource,FactValueNumericPrefix,FactValueNumeric,FactValueUoM,FactValueNumericLowPrefix,FactValueNumericLow,FactValueNumericHighPrefix,FactValueNumericHigh,Value,FactValueTranslationID,FactComments,Language,DateModified
MALARIA_RDT_POS,Number of malaria positive cases by rapid diagnostic test (RDT),numeric,SEAR,South-East Asia,Country,BTN,Bhutan,Year,2024,true,,,,,,,,,,,,,0,,,,,,0,,,EN,2025-12-19T00:00:00.000Z
MALARIA_RDT_POS,Number of malaria positive cases by rapid diagnostic test (RDT),numeric,AFR,Africa,Country,CPV,Cabo Verde,Year,2024,true,,,,,,,,,,,,,0,,,,,,0,,,EN,2025-12-19T00:00:00.000Z
MALARIA_RDT_POS,Number of malaria positive cases by rapid diagnostic test (RDT),numeric,SEAR,South-East Asia,Country,PRK,Democratic People's Republic of Korea,Year,2024,true,,,,,,,,,,,,,0,,,,,,0,,,EN,2025-12-19T00:00:00.000Z
MALARIA_RDT_POS,Number of malaria positive cases by rapid diagnostic test (RDT),numeric,AMR,Americas,Country,BLZ,Belize,Year,2024,true,,,,,,,,,,,,,1,,,,,,1,,,EN,2025-12-19T00:00:00.000Z
MALARIA_RDT_POS,Number of malaria positive cases by rapid diagnostic test (RDT),numeric,SEAR,South-East Asia,Country,TLS,Timor-Leste,Year,2024,true,,,,,,,,,,,,,1,,,,,,1,,,EN,2025-12-19T00:00:00.000Z
MALARIA_RDT_POS,Number of malaria positive cases by rapid diagnostic test (RDT),numeric,AFR,Africa,Country,BEN,Benin,Year,2024,true,,,,,,,,,,,,,1456598,,,,,,1 456 598,,,EN,2025-12-19T00:00:00.000Z
MALARIA_RDT_POS,Number of malaria positive cases by rapid diagnostic test (RDT),numeric,EMR,Eastern Mediterranean,Country,PAK,Pakistan,Year,2024,true,,,,,,,,,,,,,1687509,,,,,,1 687 509,,,EN,2025-12-19T00:00:00.000Z
MALARIA_RDT_POS,Number of malaria positive cases by rapid diagnostic test (RDT),numeric,AFR,Africa,Country,SLE,Sierra Leone,Year,2024,true,,,,,,,,,,,,,1836932,,,,,,1 836 932,,,EN,2025-12-19T00:00:00.000Z
MALARIA_RDT_POS,Number of malaria positive cases by rapid diagnostic test (RDT),numeric,AFR,Africa,Country,UGA,Uganda,Year,2024,true,,,,,,,,,,,,,10309514,,,,,,10 309 514,,,EN,2025-12-19T00:00:00.000Z
MALARIA_RDT_POS,Number of malaria positive cases by rapid diagnostic test (RDT),numeric,AFR,Africa,Country,BFA,Burkina Faso,Year,2024,true,,,,,,,,,,,,,10499643,,,,,,10 499 643,,,EN,2025-12-19T00:00:00.000Z
MALARIA_RDT_POS,Number of malaria positive cases by rapid diagnostic test (RDT),numeric,AFR,Africa,Country,MYT,Mayotte,Year,2024,true,,,,,,,,,,,,,109,,,,,,109,,,EN,2025-12-19T00:00:00.000Z
MALARIA_RDT_POS,Number of malaria positive cases by rapid diagnostic test (RDT),numeric,AFR,Africa,Country,MOZ,Mozambique,Year,2024,true,,,,,,,,,,,,,11289914,,,,,,11 289 914,,,EN,2025-12-19T00:00:00.000Z
MALARIA_RDT_POS,Number of malaria positive cases by rapid diagnostic test (RDT),numeric,EMR,Eastern Mediterranean,Country,SDN,Sudan,Year,2024,true,,,,,,,,,,,,,110116,,,,,,110 116,,,EN,2025-12-19T00:00:00.000Z
MALARIA_RDT_POS,Number of malaria positive cases by rapid diagnostic test (RDT),numeric,AFR,Africa,Country,ERI,Eritrea,Year,2024,true,,,,,,,,,,,,,112292,,,,,,112 292,,,EN,2025-12-19T00:00:00.000Z
MALARIA_RDT_POS,Number of malaria positive cases by rapid diagnostic test (RDT),numeric,EMR,Eastern Mediterranean,Country,AFG,Afghanistan,Year,2024,true,,,,,,,,,,,,,119157,,,,,,119 157,,,EN,2025-12-19T00:00:00.000Z
MALARIA_RDT_POS,Number of malaria positive cases by rapid diagnostic test (RDT),numeric,SEAR,South-East Asia,Country,BGD,Bangladesh,Year,2024,true,,,,,,,,,,,,,12468,,,,,,12 468,,,EN,2025-12-19T00:00:00.000Z
MALARIA_RDT_POS,Number of malaria positive cases by rapid diagnostic test (RDT),numeric,AMR,Americas,Country,PAN,Panama,Year,2024,true,,,,,,,,,,,,,12518,,,,,,12 518,,,EN,2025-12-19T00:00:00.000Z
MALARIA_RDT_POS,Number of malaria positive cases by rapid diagnostic test (RDT),numeric,AMR,Americas,Country,DOM,Dominican Republic,Year,2024,true,,,,,,,,,,,,,1234,,,,,,1234,,,EN,2025-12-19T00:00:00.000Z
MALARIA_RDT_POS,Number of malaria positive cases by rapid diagnostic test (RDT),numeric,WPR,Western Pacific,Country,VNM,Viet Nam,Year,2024,true,,,,,,,,,,,,,124,,,,,,124,,,EN,2025-12-19T00:00:00.000Z
MALARIA_RDT_POS,Number of malaria positive cases by rapid diagnostic test (RDT),numeric,EMR,Eastern Mediterranean,Country,YEM,Yemen,Year,2024,true,,,,,,,,,,,,,129027,,,,,,129 027,,,EN,2025-12-19T00:00:00.000Z
MALARIA_RDT_POS,Number of malaria positive cases by rapid diagnostic test (RDT),numeric,AMR,Americas,Country,HND,Honduras,Year,2024,true,,,,,,,,,,,,,1379,,,,,,1379,,,EN,2025-12-19T00:00:00.000Z
MALARIA_RDT_POS,Number of malaria positive cases by rapid diagnostic test (RDT),numeric,AMR,Americas,Country,GTM,Guatemala,Year,2024,true,,,,,,,,,,,,,1397,,,,,,1397,,,EN,2025-12-19T00:00:00.000Z
MALARIA_RDT_POS,Number of malaria positive cases by rapid diagnostic test (RDT),numeric,AFR,Africa,Country,NAM,Namibia,Year,2024,true,,,,,,,,,,,,,15988,,,,,,15 988,,,EN,2025-12-19T00:00:00.000Z
MALARIA_RDT_POS,Number of malaria positive cases by rapid diagnostic test (RDT),numeric,AFR,Africa,Country,COM,Comoros,Year,2024,true,,,,,,,,,,,,,16666,,,,,,16 666,,,EN,2025-12-19T00:00:00.000Z
MALARIA_RDT_POS,Number of malaria positive cases by rapid diagnostic test (RDT),numeric,WPR,Western Pacific,Country,VUT,Vanuatu,Year,2024,true,,,,,,,,,,,,,1612,,,,,,1612,,,EN,2025-12-19T00:00:00.000Z
MALARIA_RDT_POS,Number of malaria positive cases by rapid diagnostic test (RDT),numeric,AMR,Americas,Country,NIC,Nicaragua,Year,2024,true,,,,,,,,,,,,,1661,,,,,,1661,,,EN,2025-12-19T00:00:00.000Z
MALARIA_RDT_POS,Number of malaria positive cases by rapid diagnostic test (RDT),numeric,SEAR,South-East Asia,Country,IND,India,Year,2024,true,,,,,,,,,,,,,168066,,,,,,168 066,,,EN,2025-12-19T00:00:00.000Z
MALARIA_RDT_POS,Number of malaria positive cases by rapid diagnostic test (RDT),numeric,SEAR,South-East Asia,Country,MMR,Myanmar,Year,2024,true,,,,,,,,,,,,,180815,,,,,,180 815,,,EN,2025-12-19T00:00:00.000Z
MALARIA_RDT_POS,Number of malaria positive cases by rapid diagnostic test (RDT),numeric,AMR,Americas,Country,MEX,Mexico,Year,2024,true,,,,,,,,,,,,,186,,,,,,186,,,EN,2025-12-19T00:00:00.000Z
MALARIA_RDT_POS,Number of malaria positive cases by rapid diagnostic test (RDT),numeric,AMR,Americas,Country,PRY,Paraguay,Year,2024,true,,,,,,,,,,,,,2,,,,,,2,,,EN,2025-12-19T00:00:00.000Z
MALARIA_RDT_POS,Number of malaria positive cases by rapid diagnostic test (RDT),numeric,AFR,Africa,Country,TGO,Togo,Year,2024,true,,,,,,,,,,,,,2006745,,,,,,2 006 745,,,EN,2025-12-19T00:00:00.000Z
MALARIA_RDT_POS,Number of malaria positive cases by rapid diagnostic test (RDT),numeric,AFR,Africa,Country,CAF,Central African Republic,Year,2024,true,,,,,,,,,,,,,2063750,,,,,,2 063 750,,,EN,2025-12-19T00:00:00.000Z
MALARIA_RDT_POS,Number of malaria positive cases by rapid diagnostic test (RDT),numeric,AFR,Africa,Country,TCD,Chad,Year,2024,true,,,,,,,,,,,,,2254009,,,,,,2 254 009,,,EN,2025-12-19T00:00:00.000Z
MALARIA_RDT_POS,Number of malaria positive cases by rapid diagnostic test (RDT),numeric,AFR,Africa,Country,CMR,Cameroon,Year,2024,true,,,,,,,,,,,,,2265542,,,,,,2 265 542,,,EN,2025-12-19T00:00:00.000Z
MALARIA_RDT_POS,Number of malaria positive cases by rapid diagnostic test (RDT),numeric,AFR,Africa,Country,SSD,South Sudan,Year,2024,true,,,,,,,,,,,,,2458784,,,,,,2 458 784,,,EN,2025-12-19T00:00:00.000Z
MALARIA_RDT_POS,Number of malaria positive cases by rapid diagnostic test (RDT),numeric,AFR,Africa,Country,GIN,Guinea,Year,2024,true,,,,,,,,,,,,,2599057,,,,,,2 599 057,,,EN,2025-12-19T00:00:00.000Z
MALARIA_RDT_POS,Number of malaria positive cases by rapid diagnostic test (RDT),numeric,AFR,Africa,Country,NGA,Nigeria,Year,2024,true,,,,,,,,,,,,,20565840,,,,,,20 565 840,,,EN,2025-12-19T00:00:00.000Z
MALARIA_RDT_POS,Number of malaria positive cases by rapid diagnostic test (RDT),numeric,AFR,Africa,Country,GNQ,Equatorial Guinea,Year,2024,true,,,,,,,,,,,,,20751,,,,,,20 751,,,EN,2025-12-19T00:00:00.000Z
MALARIA_RDT_POS,Number of malaria positive cases by rapid diagnostic test (RDT),numeric,AMR,Americas,Country,ECU,Ecuador,Year,2024,true,,,,,,,,,,,,,202,,,,,,202,,,EN,2025-12-19T00:00:00.000Z
MALARIA_RDT_POS,Number of malaria positive cases by rapid diagnostic test (RDT),numeric,WPR,Western Pacific,Country,IDN,Indonesia,Year,2024,true,,,,,,,,,,,,,204288,,,,,,204 288,,,EN,2025-12-19T00:00:00.000Z
MALARIA_RDT_POS,Number of malaria positive cases by rapid diagnostic test (RDT),numeric,AMR,Americas,Country,PER,Peru,Year,2024,true,,,,,,,,,,,,,2085,,,,,,2085,,,EN,2025-12-19T00:00:00.000Z
MALARIA_RDT_POS,Number of malaria positive cases by rapid diagnostic test (RDT),numeric,AFR,Africa,Country,GAB,Gabon,Year,2024,true,,,,,,,,,,,,,24523,,,,,,24 523,,,EN,2025-12-19T00:00:00.000Z
MALARIA_RDT_POS,Number of malaria positive cases by rapid diagnostic test (RDT),numeric,WPR,Western Pacific,Country,KHM,Cambodia,Year,2024,true,,,,,,,,,,,,,264,,,,,,264,,,EN,2025-12-19T00:00:00.000Z
MALARIA_RDT_POS,Number of malaria positive cases by rapid diagnostic test (RDT),numeric,EMR,Eastern Mediterranean,Country,SOM,Somalia,Year,2024,true,,,,,,,,,,,,,27658,,,,,,27 658,,,EN,2025-12-19T00:00:00.000Z
MALARIA_RDT_POS,Number of malaria positive cases by rapid diagnostic test (RDT),numeric,AFR,Africa,Country,COD,Democratic Republic of the Congo,Year,2024,true,,,,,,,,,,,,,28403107,,,,,,28 403 107,,,EN,2025-12-19T00:00:00.000Z
MALARIA_RDT_POS,Number of malaria positive cases by rapid diagnostic test (RDT),numeric,AFR,Africa,Country,BWA,Botswana,Year,2024,true,,,,,,,,,,,,,290,,,,,,290,,,EN,2025-12-19T00:00:00.000Z
MALARIA_RDT_POS,Number of malaria positive cases by rapid diagnostic test (RDT),numeric,AFR,Africa,Country,MLI,Mali,Year,2024,true,,,,,,,,,,,,,3093872,,,,,,3 093 872,,,EN,2025-12-19T00:00:00.000Z
MALARIA_RDT_POS,Number of malaria positive cases by rapid diagnostic test (RDT),numeric,AFR,Africa,Country,TZA,United Republic of Tanzania,Year,2024,true,,,,,,,,,,,,,3336577,,,,,,3 336 577,,,EN,2025-12-19T00:00:00.000Z
MALARIA_RDT_POS,Number of malaria positive cases by rapid diagnostic test (RDT),numeric,AFR,Africa,Country,GHA,Ghana,Year,2024,true,,,,,,,,,,,,,3784648,,,,,,3 784 648,,,EN,2025-12-19T00:00:00.000Z
MALARIA_RDT_POS,Number of malaria positive cases by rapid diagnostic test (RDT),numeric,AFR,Africa,Country,MDG,Madagascar,Year,2024,true,,,,,,,,,,,,,3886959,,,,,,3 886 959,,,EN,2025-12-19T00:00:00.000Z
MALARIA_RDT_POS,Number of malaria positive cases by rapid diagnostic test (RDT),numeric,AFR,Africa,Country,KEN,Kenya,Year,2024,true,,,,,,,,,,,,,3980696,,,,,,3 980 696,,,EN,2025-12-19T00:00:00.000Z
MALARIA_RDT_POS,Number of malaria positive cases by rapid diagnostic test (RDT),numeric,EMR,Eastern Mediterranean,Country,DJI,Djibouti,Year,2024,true,,,,,,,,,,,,,30425,,,,,,30 425,,,EN,2025-12-19T00:00:00.000Z
MALARIA_RDT_POS,Number of malaria positive cases by rapid diagnostic test (RDT),numeric,AFR,Africa,Country,SWZ,Eswatini,Year,2024,true,,,,,,,,,,,,,308,,,,,,308,,,EN,2025-12-19T00:00:00.000Z
MALARIA_RDT_POS,Number of malaria positive cases by rapid diagnostic test (RDT),numeric,AMR,Americas,Country,CRI,Costa Rica,Year,2024,true,,,,,,,,,,,,,309,,,,,,309,,,EN,2025-12-19T00:00:00.000Z
MALARIA_RDT_POS,Number of malaria positive cases by rapid diagnostic test (RDT),numeric,AMR,Americas,Country,BRA,Brazil,Year,2024,true,,,,,,,,,,,,,32128,,,,,,32 128,,,EN,2025-12-19T00:00:00.000Z
MALARIA_RDT_POS,Number of malaria positive cases by rapid diagnostic test (RDT),numeric,WPR,Western Pacific,Country,LAO,Lao People's Democratic Republic,Year,2024,true,,,,,,,,,,,,,331,,,,,,331,,,EN,2025-12-19T00:00:00.000Z
MALARIA_RDT_POS,Number of malaria positive cases by rapid diagnostic test (RDT),numeric,AFR,Africa,Country,ZAF,South Africa,Year,2024,true,,,,,,,,,,,,,3340,,,,,,3340,,,EN,2025-12-19T00:00:00.000Z
MALARIA_RDT_POS,Number of malaria positive cases by rapid diagnostic test (RDT),numeric,AMR,Americas,Country,HTI,Haiti,Year,2024,true,,,,,,,,,,,,,38368,,,,,,38 368,,,EN,2025-12-19T00:00:00.000Z
MALARIA_RDT_POS,Number of malaria positive cases by rapid diagnostic test (RDT),numeric,AFR,Africa,Country,COG,Congo,Year,2024,true,,,,,,,,,,,,,381040,,,,,,381 040,,,EN,2025-12-19T00:00:00.000Z
MALARIA_RDT_POS,Number of malaria positive cases by rapid diagnostic test (RDT),numeric,AFR,Africa,Country,SEN,Senegal,Year,2024,true,,,,,,,,,,,,,410972,,,,,,410 972,,,EN,2025-12-19T00:00:00.000Z
MALARIA_RDT_POS,Number of malaria positive cases by rapid diagnostic test (RDT),numeric,AMR,Americas,Country,BOL,Bolivia (Plurinational State of),Year,2024,true,,,,,,,,,,,,,4269,,,,,,4269,,,EN,2025-12-19T00:00:00.000Z
MALARIA_RDT_POS,Number of malaria positive cases by rapid diagnostic test (RDT),numeric,SEAR,South-East Asia,Country,THA,Thailand,Year,2024,true,,,,,,,,,,,,,4545,,,,,,4545,,,EN,2025-12-19T00:00:00.000Z
MALARIA_RDT_POS,Number of malaria positive cases by rapid diagnostic test (RDT),numeric,EMR,Eastern Mediterranean,Country,IRN,Iran (Islamic Republic of),Year,2024,true,,,,,,,,,,,,,5,,,,,,5,,,EN,2025-12-19T00:00:00.000Z
MALARIA_RDT_POS,Number of malaria positive cases by rapid diagnostic test (RDT),numeric,AFR,Africa,Country,BDI,Burundi,Year,2024,true,,,,,,,,,,,,,5406952,,,,,,5 406 952,,,EN,2025-12-19T00:00:00.000Z
MALARIA_RDT_POS,Number of malaria positive cases by rapid diagnostic test (RDT),numeric,AFR,Africa,Country,AGO,Angola,Year,2024,true,,,,,,,,,,,,,5782381,,,,,,5 782 381,,,EN,2025-12-19T00:00:00.000Z
MALARIA_RDT_POS,Number of malaria positive cases by rapid diagnostic test (RDT),numeric,AFR,Africa,Country,RWA,Rwanda,Year,2024,true,,,,,,,,,,,,,522001,,,,,,522 001,,,EN,2025-12-19T00:00:00.000Z
MALARIA_RDT_POS,Number of malaria positive cases by rapid diagnostic test (RDT),numeric,AMR,Americas,Country,COL,Colombia,Year,2024,true,,,,,,,,,,,,,53118,,,,,,53 118,,,EN,2025-12-19T00:00:00.000Z
MALARIA_RDT_POS,Number of malaria positive cases by rapid diagnostic test (RDT),numeric,AMR,Americas,Country,SUR,Suriname,Year,2024,true,,,,,,,,,,,,,56,,,,,,56,,,EN,2025-12-19T00:00:00.000Z
MALARIA_RDT_POS,Number of malaria positive cases by rapid diagnostic test (RDT),numeric,AFR,Africa,Country,ZWE,Zimbabwe,Year,2024,true,,,,,,,,,,,,,56672,,,,,,56 672,,,EN,2025-12-19T00:00:00.000Z
MALARIA_RDT_POS,Number of malaria positive cases by rapid diagnostic test (RDT),numeric,WPR,Western Pacific,Country,SLB,Solomon Islands,Year,2024,true,,,,,,,,,,,,,57048,,,,,,57 048,,,EN,2025-12-19T00:00:00.000Z
MALARIA_RDT_POS,Number of malaria positive cases by rapid diagnostic test (RDT),numeric,AMR,Americas,Country,VEN,Venezuela (Bolivarian Republic of),Year,2024,true,,,,,,,,,,,,,57734,,,,,,57 734,,,EN,2025-12-19T00:00:00.000Z
MALARIA_RDT_POS,Number of malaria positive cases by rapid diagnostic test (RDT),numeric,AFR,Africa,Country,NER,Niger,Year,2024,true,,,,,,,,,,,,,6900115,,,,,,6 900 115,,,EN,2025-12-19T00:00:00.000Z
MALARIA_RDT_POS,Number of malaria positive cases by rapid diagnostic test (RDT),numeric,AFR,Africa,Country,LBR,Liberia,Year,2024,true,,,,,,,,,,,,,625757,,,,,,625 757,,,EN,2025-12-19T00:00:00.000Z
MALARIA_RDT_POS,Number of malaria positive cases by rapid diagnostic test (RDT),numeric,WPR,Western Pacific,Country,PHL,Philippines,Year,2024,true,,,,,,,,,,,,,6669,,,,,,6669,,,EN,2025-12-19T00:00:00.000Z
MALARIA_RDT_POS,Number of malaria positive cases by rapid diagnostic test (RDT),numeric,AFR,Africa,Country,CIV,Cote d'Ivoire,Year,2024,true,,,,,,,,,,,,,7599323,,,,,,7 599 323,,,EN,2025-12-19T00:00:00.000Z
MALARIA_RDT_POS,Number of malaria positive cases by rapid diagnostic test (RDT),numeric,EMR,Eastern Mediterranean,Country,SAU,Saudi Arabia,Year,2024,true,,,,,,,,,,,,,7041,,,,,,7041,,,EN,2025-12-19T00:00:00.000Z
MALARIA_RDT_POS,Number of malaria positive cases by rapid diagnostic test (RDT),numeric,AMR,Americas,Country,GUY,Guyana,Year,2024,true,,,,,,,,,,,,,7281,,,,,,7281,,,EN,2025-12-19T00:00:00.000Z
MALARIA_RDT_POS,Number of malaria positive cases by rapid diagnostic test (RDT),numeric,AFR,Africa,Country,GMB,Gambia,Year,2024,true,,,,,,,,,,,,,75169,,,,,,75 169,,,EN,2025-12-19T00:00:00.000Z
MALARIA_RDT_POS,Number of malaria positive cases by rapid diagnostic test (RDT),numeric,AFR,Africa,Country,MRT,Mauritania,Year,2024,true,,,,,,,,,,,,,76080,,,,,,76 080,,,EN,2025-12-19T00:00:00.000Z
MALARIA_RDT_POS,Number of malaria positive cases by rapid diagnostic test (RDT),numeric,AFR,Africa,Country,GNB,Guinea-Bissau,Year,2024,true,,,,,,,,,,,,,76234,,,,,,76 234,,,EN,2025-12-19T00:00:00.000Z
MALARIA_RDT_POS,Number of malaria positive cases by rapid diagnostic test (RDT),numeric,WPR,Western Pacific,Country,KOR,Republic of Korea,Year,2024,true,,,,,,,,,,,,,8,,,,,,8,,,EN,2025-12-19T00:00:00.000Z
MALARIA_RDT_POS,Number of malaria positive cases by rapid diagnostic test (RDT),numeric,WPR,Western Pacific,Country,PNG,Papua New Guinea,Year,2024,true,,,,,,,,,,,,,889616,,,,,,889 616,,,EN,2025-12-19T00:00:00.000Z
MALARIA_RDT_POS,Number of malaria positive cases by rapid diagnostic test (RDT),numeric,AFR,Africa,Country,ZMB,Zambia,Year,2024,true,,,,,,,,,,,,,9090753,,,,,,9 090 753,,,EN,2025-12-19T00:00:00.000Z
MALARIA_RDT_POS,Number of malaria positive cases by rapid diagnostic test (RDT),numeric,AFR,Africa,Country,MWI,Malawi,Year,2024,true,,,,,,,,,,,,,9317364,,,,,,9 317 364,,,EN,2025-12-19T00:00:00.000Z
MALARIA_RDT_POS,Number of malaria positive cases by rapid diagnostic test (RDT),numeric,SEAR,South-East Asia,Country,NPL,Nepal,Year,2024,true,,,,,,,,,,,,,95,,,,,,95,,,EN,2025-12-19T00:00:00.000Z
MALARIA_RDT_POS,Number of malaria positive cases by rapid diagnostic test (RDT),numeric,AMR,Americas,Country,BLZ,Belize,Year,2023,false,,,,,,,,,,,,,0,,,,,,0,,,EN,2025-12-19T00:00:00.000Z
MALARIA_RDT_POS,Number of malaria positive cases by rapid diagnostic test (RDT),numeric,AFR,Africa,Country,CPV,Cabo Verde,Year,2023,false,,,,,,,,,,,,,0,,,,,,0,,,EN,2025-12-19T00:00:00.000Z
MALARIA_RDT_POS,Number of malaria positive cases by rapid diagnostic test (RDT),numeric,SEAR,South-East Asia,Country,PRK,Democratic People's Republic of Korea,Year,2023,false,,,,,,,,,,,,,0,,,,,,0,,,EN,2025-12-19T00:00:00.000Z
MALARIA_RDT_POS,Number of malaria positive cases by rapid diagnostic test (RDT),numeric,AMR,Americas,Country,PRY,Paraguay,Year,2023,false,,,,,,,,,,,,,0,,,,,,0,,,EN,2025-12-19T00:00:00.000Z
MALARIA_RDT_POS,Number of malaria positive cases by rapid diagnostic test (RDT),numeric,SEAR,South-East Asia,Country,LKA,Sri Lanka,Year,2023,true,,,,,,,,,,,,,0,,,,,,0,,,EN,2025-12-19T00:00:00.000Z
MALARIA_RDT_POS,Number of malaria positive cases by rapid diagnostic test (RDT),numeric,AFR,Africa,Country,CAF,Central African Republic,Year,2023,false,,,,,,,,,,,,,1639631,,,,,,1 639 631,,,EN,2025-12-19T00:00:00.000Z
MALARIA_RDT_POS,Number of malaria positive cases by rapid diagnostic test (RDT),numeric,AFR,Africa,Country,BEN,Benin,Year,2023,false,,,,,,,,,,,,,1741127,,,,,,1 741 127,,,EN,2025-12-19T00:00:00.000Z
MALARIA_RDT_POS,Number of malaria positive cases by rapid diagnostic test (RDT),numeric,AFR,Africa,Country,TCD,Chad,Year,2023,false,,,,,,,,,,,,,1900096,,,,,,1 900 096,,,EN,2025-12-19T00:00:00.000Z
MALARIA_RDT_POS,Number of malaria positive cases by rapid diagnostic test (RDT),numeric,AFR,Africa,Country,SLE,Sierra Leone,Year,2023,false,,,,,,,,,,,,,1926713,,,,,,1 926 713,,,EN,2025-12-19T00:00:00.000Z
MALARIA_RDT_POS,Number of malaria positive cases by rapid diagnostic test (RDT),numeric,AMR,Americas,Country,PAN,Panama,Year,2023,false,,,,,,,,,,,,,10025,,,,,,10 025,,,EN,2025-12-19T00:00:00.000Z
MALARIA_RDT_POS,Number of malaria positive cases by rapid diagnostic test (RDT),numeric,AMR,Americas,Country,GUY,Guyana,Year,2023,false,,,,,,,,,,,,,10142,,,,,,10 142,,,EN,2025-12-19T00:00:00.000Z
MALARIA_RDT_POS,Number of malaria positive cases by rapid diagnostic test (RDT),numeric,AFR,Africa,Country,BFA,Burkina Faso,Year,2023,false,,,,,,,,,,,,,10246277,,,,,,10 246 277,,,EN,2025-12-19T00:00:00.000Z
MALARIA_RDT_POS,Number of malaria positive cases by rapid diagnostic test (RDT),numeric,SEAR,South-East Asia,Country,NPL,Nepal,Year,2023,false,,,,,,,,,,,,,107,,,,,,107,,,EN,2025-12-19T00:00:00.000Z
MALARIA_RDT_POS,Number of malaria positive cases by rapid diagnostic test (RDT),numeric,AMR,Americas,Country,SUR,Suriname,Year,2023,false,,,,,,,,,,,,,12,,,,,,12,,,EN,2025-12-19T00:00:00.000Z
MALARIA_RDT_POS,Number of malaria positive cases by rapid diagnostic test (RDT),numeric,AFR,Africa,Country,UGA,Uganda,Year,2023,false,,,,,,,,,,,,,12164951,,,,,,12 164 951,,,EN,2025-12-19T00:00:00.000Z
MALARIA_RDT_POS,Number of malaria positive cases by rapid diagnostic test (RDT),numeric,AFR,Africa,Country,MOZ,Mozambique,Year,2023,false,,,,,,,,,,,,,12870205,,,,,,12 870 205,,,EN,2025-12-19T00:00:00.000Z
MALARIA_RDT_POS,Number of malaria positive cases by rapid diagnostic test (RDT),numeric,WPR,Western Pacific,Country,KHM,Cambodia,Year,2023,false,,,,,,,,,,,,,1221,,,,,,1221,,,EN,2025-12-19T00:00:00.000Z
MALARIA_RDT_POS,Number of malaria positive cases by rapid diagnostic test (RDT),numeric,WPR,Western Pacific,Country,IDN,Indonesia,Year,2023,false,,,,,,,,,,,,,123220,,,,,,123 220,,,EN,2025-12-19T00:00:00.000Z
MALARIA_RDT_POS,Number of malaria positive cases by rapid diagnostic test (RDT),numeric,AMR,Americas,Country,HND,Honduras,Year,2023,false,,,,,,,,,,,,,1267,,,,,,1267,,,EN,2025-12-19T00:00:00.000Z
MALARIA_RDT_POS,Number of malaria positive cases by rapid diagnostic test (RDT),numeric,AFR,Africa,Country,NAM,Namibia,Year,2023,false,,,,,,,,,,,,,13587,,,,,,13 587,,,EN,2025-12-19T00:00:00.000Z
MALARIA_RDT_POS,Number of malaria positive cases by rapid diagnostic test (RDT),numeric,AMR,Americas,Country,HTI,Haiti,Year,2023,false,,,,,,,,,,,,,14436,,,,,,14 436,,,EN,2025-12-19T00:00:00.000Z
MALARIA_RDT_POS,Number of malaria positive cases by rapid diagnostic test (RDT),numeric,SEAR,South-East Asia,Country,IND,India,Year,2023,false,,,,,,,,,,,,,147996,,,,,,147 996,,,EN,2025-12-19T00:00:00.000Z
MALARIA_RDT_POS,Number of malaria positive cases by rapid diagnostic test (RDT),numeric,AMR,Americas,Country,COL,Colombia,Year,2023,false,,,,,,,,,,,,,15445,,,,,,15 445,,,EN,2025-12-19T00:00:00.000Z
MALARIA_RDT_POS,Number of malaria positive cases by rapid diagnostic test (RDT),numeric,SEAR,South-East Asia,Country,BGD,Bangladesh,Year,2023,false,,,,,,,,,,,,,15620,,,,,,15 620,,,EN,2025-12-19T00:00:00.000Z
MALARIA_RDT_POS,Number of malaria positive cases by rapid diagnostic test (RDT),numeric,AFR,Africa,Country,GNQ,Equatorial Guinea,Year,2023,false,,,,,,,,,,,,,16518,,,,,,16 518,,,EN,2025-12-19T00:00:00.000Z
MALARIA_RDT_POS,Number of malaria positive cases by rapid diagnostic test (RDT),numeric,EMR,Eastern Mediterranean,Country,IRN,Iran (Islamic Republic of),Year,2023,false,,,,,,,,,,,,,2,,,,,,2,,,EN,2025-12-19T00:00:00.000Z
MALARIA_RDT_POS,Number of malaria positive cases by rapid diagnostic test (RDT),numeric,WPR,Western Pacific,Country,VNM,Viet Nam,Year,2023,false,,,,,,,,,,,,,2,,,,,,2,,,EN,2025-12-19T00:00:00.000Z
MALARIA_RDT_POS,Number of malaria positive cases by rapid diagnostic test (RDT),numeric,EMR,Eastern Mediterranean,Country,PAK,Pakistan,Year,2023,false,,,,,,,,,,,,,2076905,,,,,,2 076 905,,,EN,2025-12-19T00:00:00.000Z
MALARIA_RDT_POS,Number of malaria positive cases by rapid diagnostic test (RDT),numeric,AFR,Africa,Country,CMR,Cameroon,Year,2023,false,,,,,,,,,,,,,2160946,,,,,,2 160 946,,,EN,2025-12-19T00:00:00.000Z
MALARIA_RDT_POS,Number of malaria positive cases by rapid diagnostic test (RDT),numeric,AFR,Africa,Country,TGO,Togo,Year,2023,false,,,,,,,,,,,,,2174156,,,,,,2 174 156,,,EN,2025-12-19T00:00:00.000Z
MALARIA_RDT_POS,Number of malaria positive cases by rapid diagnostic test (RDT),numeric,AFR,Africa,Country,MLI,Mali,Year,2023,false,,,,,,,,,,,,,2515922,,,,,,2 515 922,,,EN,2025-12-19T00:00:00.000Z
MALARIA_RDT_POS,Number of malaria positive cases by rapid diagnostic test (RDT),numeric,AFR,Africa,Country,GIN,Guinea,Year,2023,false,,,,,,,,,,,,,2535586,,,,,,2 535 586,,,EN,2025-12-19T00:00:00.000Z
MALARIA_RDT_POS,Number of malaria positive cases by rapid diagnostic test (RDT),numeric,AFR,Africa,Country,MDG,Madagascar,Year,2023,false,,,,,,,,,,,,,2843013,,,,,,2 843 013,,,EN,2025-12-19T00:00:00.000Z
MALARIA_RDT_POS,Number of malaria positive cases by rapid diagnostic test (RDT),numeric,AFR,Africa,Country,GAB,Gabon,Year,2023,false,,,,,,,,,,,,,20501,,,,,,20 501,,,EN,2025-12-19T00:00:00.000Z
MALARIA_RDT_POS,Number of malaria positive cases by rapid diagnostic test (RDT),numeric,AFR,Africa,Country,NGA,Nigeria,Year,2023,false,,,,,,,,,,,,,21649680,,,,,,21 649 680,,,EN,2025-12-19T00:00:00.000Z
MALARIA_RDT_POS,Number of malaria positive cases by rapid diagnostic test (RDT),numeric,AMR,Americas,Country,BRA,Brazil,Year,2023,false,,,,,,,,,,,,,22917,,,,,,22 917,,,EN,2025-12-19T00:00:00.000Z
MALARIA_RDT_POS,Number of malaria positive cases by rapid diagnostic test (RDT),numeric,AMR,Americas,Country,GTM,Guatemala,Year,2023,false,,,,,,,,,,,,,2203,,,,,,2203,,,EN,2025-12-19T00:00:00.000Z
MALARIA_RDT_POS,Number of malaria positive cases by rapid diagnostic test (RDT),numeric,WPR,Western Pacific,Country,VUT,Vanuatu,Year,2023,false,,,,,,,,,,,,,2255,,,,,,2255,,,EN,2025-12-19T00:00:00.000Z
MALARIA_RDT_POS,Number of malaria positive cases by rapid diagnostic test (RDT),numeric,SEAR,South-East Asia,Country,MMR,Myanmar,Year,2023,false,,,,,,,,,,,,,226811,,,,,,226 811,,,EN,2025-12-19T00:00:00.000Z
MALARIA_RDT_POS,Number of malaria positive cases by rapid diagnostic test (RDT),numeric,AFR,Africa,Country,ZWE,Zimbabwe,Year,2023,false,,,,,,,,,,,,,248699,,,,,,248 699,,,EN,2025-12-19T00:00:00.000Z
MALARIA_RDT_POS,Number of malaria positive cases by rapid diagnostic test (RDT),numeric,AFR,Africa,Country,COD,Democratic Republic of the Congo,Year,2023,false,,,,,,,,,,,,,26372237,,,,,,26 372 237,,,EN,2025-12-19T00:00:00.000Z
MALARIA_RDT_POS,Number of malaria positive cases by rapid diagnostic test (RDT),numeric,AMR,Americas,Country,DOM,Dominican Republic,Year,2023,false,,,,,,,,,,,,,271,,,,,,271,,,EN,2025-12-19T00:00:00.000Z
MALARIA_RDT_POS,Number of malaria positive cases by rapid diagnostic test (RDT),numeric,AMR,Americas,Country,BOL,Bolivia (Plurinational State of),Year,2023,false,,,,,,,,,,,,,2896,,,,,,2896,,,EN,2025-12-19T00:00:00.000Z
MALARIA_RDT_POS,Number of malaria positive cases by rapid diagnostic test (RDT),numeric,SEAR,South-East Asia,Country,BTN,Bhutan,Year,2023,false,,,,,,,,,,,,,3,,,,,,3,,,EN,2025-12-19T00:00:00.000Z
MALARIA_RDT_POS,Number of malaria positive cases by rapid diagnostic test (RDT),numeric,AFR,Africa,Country,SSD,South Sudan,Year,2023,false,,,,,,,,,,,,,3183977,,,,,,3 183 977,,,EN,2025-12-19T00:00:00.000Z
MALARIA_RDT_POS,Number of malaria positive cases by rapid diagnostic test (RDT),numeric,AFR,Africa,Country,TZA,United Republic of Tanzania,Year,2023,false,,,,,,,,,,,,,3448987,,,,,,3 448 987,,,EN,2025-12-19T00:00:00.000Z
MALARIA_RDT_POS,Number of malaria positive cases by rapid diagnostic test (RDT),numeric,AFR,Africa,Country,KEN,Kenya,Year,2023,false,,,,,,,,,,,,,3939094,,,,,,3 939 094,,,EN,2025-12-19T00:00:00.000Z
MALARIA_RDT_POS,Number of malaria positive cases by rapid diagnostic test (RDT),numeric,AFR,Africa,Country,MRT,Mauritania,Year,2023,false,,,,,,,,,,,,,30895,,,,,,30 895,,,EN,2025-12-19T00:00:00.000Z
MALARIA_RDT_POS,Number of malaria positive cases by rapid diagnostic test (RDT),numeric,AFR,Africa,Country,SEN,Senegal,Year,2023,false,,,,,,,,,,,,,303960,,,,,,303 960,,,EN,2025-12-19T00:00:00.000Z
MALARIA_RDT_POS,Number of malaria positive cases by rapid diagnostic test (RDT),numeric,EMR,Eastern Mediterranean,Country,DJI,Djibouti,Year,2023,false,,,,,,,,,,,,,31049,,,,,,31 049,,,EN,2025-12-19T00:00:00.000Z
MALARIA_RDT_POS,Number of malaria positive cases by rapid diagnostic test (RDT),numeric,AFR,Africa,Country,COG,Congo,Year,2023,false,,,,,,,,,,,,,316956,,,,,,316 956,,,EN,2025-12-19T00:00:00.000Z
MALARIA_RDT_POS,Number of malaria positive cases by rapid diagnostic test (RDT),numeric,AMR,Americas,Country,NIC,Nicaragua,Year,2023,false,,,,,,,,,,,,,3342,,,,,,3342,,,EN,2025-12-19T00:00:00.000Z
MALARIA_RDT_POS,Number of malaria positive cases by rapid diagnostic test (RDT),numeric,AMR,Americas,Country,ECU,Ecuador,Year,2023,false,,,,,,,,,,,,,343,,,,,,343,,,EN,2025-12-19T00:00:00.000Z
MALARIA_RDT_POS,Number of malaria positive cases by rapid diagnostic test (RDT),numeric,AMR,Americas,Country,CRI,Costa Rica,Year,2023,false,,,,,,,,,,,,,350,,,,,,350,,,EN,2025-12-19T00:00:00.000Z
MALARIA_RDT_POS,Number of malaria positive cases by rapid diagnostic test (RDT),numeric,AFR,Africa,Country,MYT,Mayotte,Year,2023,false,,,,,,,,,,,,,38,,,,,,38,,,EN,2025-12-19T00:00:00.000Z
MALARIA_RDT_POS,Number of malaria positive cases by rapid diagnostic test (RDT),numeric,AFR,Africa,Country,BDI,Burundi,Year,2023,false,,,,,,,,,,,,,4326147,,,,,,4 326 147,,,EN,2025-12-19T00:00:00.000Z
MALARIA_RDT_POS,Number of malaria positive cases by rapid diagnostic test (RDT),numeric,AFR,Africa,Country,GHA,Ghana,Year,2023,false,,,,,,,,,,,,,4402312,,,,,,4 402 312,,,EN,2025-12-19T00:00:00.000Z
MALARIA_RDT_POS,Number of malaria positive cases by rapid diagnostic test (RDT),numeric,AFR,Africa,Country,NER,Niger,Year,2023,false,,,,,,,,,,,,,4409695,,,,,,4 409 695,,,EN,2025-12-19T00:00:00.000Z
MALARIA_RDT_POS,Number of malaria positive cases by rapid diagnostic test (RDT),numeric,AFR,Africa,Country,AGO,Angola,Year,2023,false,,,,,,,,,,,,,4549299,,,,,,4 549 299,,,EN,2025-12-19T00:00:00.000Z
MALARIA_RDT_POS,Number of malaria positive cases by rapid diagnostic test (RDT),numeric,AFR,Africa,Country,LBR,Liberia,Year,2023,false,,,,,,,,,,,,,414981,,,,,,414 981,,,EN,2025-12-19T00:00:00.000Z
MALARIA_RDT_POS,Number of malaria positive cases by rapid diagnostic test (RDT),numeric,AFR,Africa,Country,RWA,Rwanda,Year,2023,false,,,,,,,,,,,,,422933,,,,,,422 933,,,EN,2025-12-19T00:00:00.000Z
MALARIA_RDT_POS,Number of malaria positive cases by rapid diagnostic test (RDT),numeric,SEAR,South-East Asia,Country,THA,Thailand,Year,2023,false,,,,,,,,,,,,,4612,,,,,,4612,,,EN,2025-12-19T00:00:00.000Z
MALARIA_RDT_POS,Number of malaria positive cases by rapid diagnostic test (RDT),numeric,EMR,Eastern Mediterranean,Country,SAU,Saudi Arabia,Year,2023,false,,,,,,,,,,,,,5103,,,,,,5103,,,EN,2025-12-19T00:00:00.000Z
MALARIA_RDT_POS,Number of malaria positive cases by rapid diagnostic test (RDT),numeric,WPR,Western Pacific,Country,KOR,Republic of Korea,Year,2023,false,,,,,,,,,,,,,531,,,,,,531,,,EN,2025-12-19T00:00:00.000Z
MALARIA_RDT_POS,Number of malaria positive cases by rapid diagnostic test (RDT),numeric,EMR,Eastern Mediterranean,Country,SDN,Sudan,Year,2023,false,,,,,,,,,,,,,54481,,,,,,54 481,,,EN,2025-12-19T00:00:00.000Z
MALARIA_RDT_POS,Number of malaria positive cases by rapid diagnostic test (RDT),numeric,WPR,Western Pacific,Country,PHL,Philippines,Year,2023,false,,,,,,,,,,,,,5424,,,,,,5424,,,EN,2025-12-19T00:00:00.000Z
MALARIA_RDT_POS,Number of malaria positive cases by rapid diagnostic test (RDT),numeric,AFR,Africa,Country,MWI,Malawi,Year,2023,false,,,,,,,,,,,,,6385640,,,,,,6 385 640,,,EN,2025-12-19T00:00:00.000Z
MALARIA_RDT_POS,Number of malaria positive cases by rapid diagnostic test (RDT),numeric,AFR,Africa,Country,BWA,Botswana,Year,2023,false,,,,,,,,,,,,,649,,,,,,649,,,EN,2025-12-19T00:00:00.000Z
MALARIA_RDT_POS,Number of malaria positive cases by rapid diagnostic test (RDT),numeric,WPR,Western Pacific,Country,LAO,Lao People's Democratic Republic,Year,2023,false,,,,,,,,,,,,,672,,,,,,672,,,EN,2025-12-19T00:00:00.000Z
MALARIA_RDT_POS,Number of malaria positive cases by rapid diagnostic test (RDT),numeric,AMR,Americas,Country,MEX,Mexico,Year,2023,false,,,,,,,,,,,,,69,,,,,,69,,,EN,2025-12-19T00:00:00.000Z
MALARIA_RDT_POS,Number of malaria positive cases by rapid diagnostic test (RDT),numeric,AFR,Africa,Country,CIV,Cote d'Ivoire,Year,2023,false,,,,,,,,,,,,,7005787,,,,,,7 005 787,,,EN,2025-12-19T00:00:00.000Z
MALARIA_RDT_POS,Number of malaria positive cases by rapid diagnostic test (RDT),numeric,AFR,Africa,Country,ERI,Eritrea,Year,2023,false,,,,,,,,,,,,,73592,,,,,,73 592,,,EN,2025-12-19T00:00:00.000Z
MALARIA_RDT_POS,Number of malaria positive cases by rapid diagnostic test (RDT),numeric,AFR,Africa,Country,SWZ,Eswatini,Year,2023,false,,,,,,,,,,,,,735,,,,,,735,,,EN,2025-12-19T00:00:00.000Z
MALARIA_RDT_POS,Number of malaria positive cases by rapid diagnostic test (RDT),numeric,AMR,Americas,Country,VEN,Venezuela (Bolivarian Republic of),Year,2023,false,,,,,,,,,,,,,75414,,,,,,75 414,,,EN,2025-12-19T00:00:00.000Z
MALARIA_RDT_POS,Number of malaria positive cases by rapid diagnostic test (RDT),numeric,AFR,Africa,Country,ZMB,Zambia,Year,2023,false,,,,,,,,,,,,,8219754,,,,,,8 219 754,,,EN,2025-12-19T00:00:00.000Z
MALARIA_RDT_POS,Number of malaria positive cases by rapid diagnostic test (RDT),numeric,EMR,Eastern Mediterranean,Country,AFG,Afghanistan,Year,2023,false,,,,,,,,,,,,,81621,,,,,,81 621,,,EN,2025-12-19T00:00:00.000Z
MALARIA_RDT_POS,Number of malaria positive cases by rapid diagnostic test (RDT),numeric,WPR,Western Pacific,Country,PNG,Papua New Guinea,Year,2023,false,,,,,,,,,,,,,817567,,,,,,817 567,,,EN,2025-12-19T00:00:00.000Z
MALARIA_RDT_POS,Number of malaria positive cases by rapid diagnostic test (RDT),numeric,AFR,Africa,Country,COM,Comoros,Year,2023,false,,,,,,,,,,,,,8199,,,,,,8199,,,EN,2025-12-19T00:00:00.000Z
MALARIA_RDT_POS,Number of malaria positive cases by rapid diagnostic test (RDT),numeric,AFR,Africa,Country,GMB,Gambia,Year,2023,false,,,,,,,,,,,,,83235,,,,,,83 235,,,EN,2025-12-19T00:00:00.000Z
MALARIA_RDT_POS,Number of malaria positive cases by rapid diagnostic test (RDT),numeric,AFR,Africa,Country,GNB,Guinea-Bissau,Year,2023,false,,,,,,,,,,,,,86019,,,,,,86 019,,,EN,2025-12-19T00:00:00.000Z
MALARIA_RDT_POS,Number of malaria positive cases by rapid diagnostic test (RDT),numeric,WPR,Western Pacific,Country,SLB,Solomon Islands,Year,2023,false,,,,,,,,,,,,,86857,,,,,,86 857,,,EN,2025-12-19T00:00:00.000Z
MALARIA_RDT_POS,Number of malaria positive cases by rapid diagnostic test (RDT),numeric,EMR,Eastern Mediterranean,Country,YEM,Yemen,Year,2023,false,,,,,,,,,,,,,89552,,,,,,89 552,,,EN,2025-12-19T00:00:00.000Z
MALARIA_RDT_POS,Number of malaria positive cases by rapid diagnostic test (RDT),numeric,SEAR,South-East Asia,Country,TLS,Timor-Leste,Year,2023,false,,,,,,,,,,,,,9,,,,,,9,,,EN,2025-12-19T00:00:00.000Z
MALARIA_RDT_POS,Number of malaria positive cases by rapid diagnostic test (RDT),numeric,AFR,Africa,Country,STP,Sao Tome and Principe,Year,2023,true,,,,,,,,,,,,,90,,,,,,90,,,EN,2025-12-19T00:00:00.000Z
MALARIA_RDT_POS,Number of malaria positive cases by rapid diagnostic test (RDT),numeric,EMR,Eastern Mediterranean,Country,SOM,Somalia,Year,2023,false,,,,,,,,,,,,,9092,,,,,,9092,,,EN,2025-12-19T00:00:00.000Z
MALARIA_RDT_POS,Number of malaria positive cases by rapid diagnostic test (RDT),numeric,AFR,Africa,Country,ZAF,South Africa,Year,2023,false,,,,,,,,,,,,,9890,,,,,,9890,,,EN,2025-12-19T00:00:00.000Z
MALARIA_RDT_POS,Number of malaria positive cases by rapid diagnostic test (RDT),numeric,AMR,Americas,Country,BLZ,Belize,Year,2022,false,,,,,,,,,,,,,0,,,,,,0,,,EN,2025-12-19T00:00:00.000Z
MALARIA_RDT_POS,Number of malaria positive cases by rapid diagnostic test (RDT),numeric,SEAR,South-East Asia,Country,BTN,Bhutan,Year,2022,false,,,,,,,,,,,,,0,,,,,,0,,,EN,2025-12-19T00:00:00.000Z
MALARIA_RDT_POS,Number of malaria positive cases by rapid diagnostic test (RDT),numeric,AFR,Africa,Country,CPV,Cabo Verde,Year,2022,false,,,,,,,,,,,,,0,,,,,,0,,,EN,2025-12-19T00:00:00.000Z
MALARIA_RDT_POS,Number of malaria positive cases by rapid diagnostic test (RDT),numeric,SEAR,South-East Asia,Country,LKA,Sri Lanka,Year,2022,false,,,,,,,,,,,,,0,,,,,,0,,,EN,2025-12-19T00:00:00.000Z
MALARIA_RDT_POS,Number of malaria positive cases by rapid diagnostic test (RDT),numeric,SEAR,South-East Asia,Country,TLS,Timor-Leste,Year,2022,false,,,,,,,,,,,,,0,,,,,,0,,,EN,2025-12-19T00:00:00.000Z
MALARIA_RDT_POS,Number of malaria positive cases by rapid diagnostic test (RDT),numeric,EMR,Eastern Mediterranean,Country,PAK,Pakistan,Year,2022,false,,,,,,,,,,,,,1349742,,,,,,1 349 742,,,EN,2025-12-19T00:00:00.000Z
MALARIA_RDT_POS,Number of malaria positive cases by rapid diagnostic test (RDT),numeric,AFR,Africa,Country,TCD,Chad,Year,2022,false,,,,,,,,,,,,,1476148,,,,,,1 476 148,,,EN,2025-12-19T00:00:00.000Z
MALARIA_RDT_POS,Number of malaria positive cases by rapid diagnostic test (RDT),numeric,AFR,Africa,Country,MDG,Madagascar,Year,2022,false,,,,,,,,,,,,,1676695,,,,,,1 676 695,,,EN,2025-12-19T00:00:00.000Z
MALARIA_RDT_POS,Number of malaria positive cases by rapid diagnostic test (RDT),numeric,AFR,Africa,Country,SLE,Sierra Leone,Year,2022,false,,,,,,,,,,,,,1690048,,,,,,1 690 048,,,EN,2025-12-19T00:00:00.000Z
MALARIA_RDT_POS,Number of malaria positive cases by rapid diagnostic test (RDT),numeric,AMR,Americas,Country,SUR,Suriname,Year,2022,false,,,,,,,,,,,,,10,,,,,,10,,,EN,2025-12-19T00:00:00.000Z
MALARIA_RDT_POS,Number of malaria positive cases by rapid diagnostic test (RDT),numeric,SEAR,South-East Asia,Country,IND,India,Year,2022,false,,,,,,,,,,,,,101300,,,,,,101 300,,,EN,2025-12-19T00:00:00.000Z
MALARIA_RDT_POS,Number of malaria positive cases by rapid diagnostic test (RDT),numeric,SEAR,South-East Asia,Country,NPL,Nepal,Year,2022,false,,,,,,,,,,,,,108,,,,,,108,,,EN,2025-12-19T00:00:00.000Z
MALARIA_RDT_POS,Number of malaria positive cases by rapid diagnostic test (RDT),numeric,AFR,Africa,Country,BFA,Burkina Faso,Year,2022,false,,,,,,,,,,,,,11219805,,,,,,11 219 805,,,EN,2025-12-19T00:00:00.000Z
MALARIA_RDT_POS,Number of malaria positive cases by rapid diagnostic test (RDT),numeric,AFR,Africa,Country,NAM,Namibia,Year,2022,false,,,,,,,,,,,,,11800,,,,,,11 800,,,EN,2025-12-19T00:00:00.000Z
MALARIA_RDT_POS,Number of malaria positive cases by rapid diagnostic test (RDT),numeric,WPR,Western Pacific,Country,VUT,Vanuatu,Year,2022,false,,,,,,,,,,,,,1143,,,,,,1143,,,EN,2025-12-19T00:00:00.000Z
MALARIA_RDT_POS,Number of malaria positive cases by rapid diagnostic test (RDT),numeric,AFR,Africa,Country,MOZ,Mozambique,Year,2022,false,,,,,,,,,,,,,12015693,,,,,,12 015 693,,,EN,2025-12-19T00:00:00.000Z
MALARIA_RDT_POS,Number of malaria positive cases by rapid diagnostic test (RDT),numeric,AMR,Americas,Country,PER,Peru,Year,2022,false,,,,,,,,,,,,,1232,,,,,,1232,,,EN,2025-12-19T00:00:00.000Z
MALARIA_RDT_POS,Number of malaria positive cases by rapid diagnostic test (RDT),numeric,AFR,Africa,Country,COM,Comoros,Year,2022,false,,,,,,,,,,,,,13009,,,,,,13 009,,,EN,2025-12-19T00:00:00.000Z
MALARIA_RDT_POS,Number of malaria positive cases by rapid diagnostic test (RDT),numeric,AMR,Americas,Country,COL,Colombia,Year,2022,false,,,,,,,,,,,,,13750,,,,,,13 750,,,EN,2025-12-19T00:00:00.000Z
MALARIA_RDT_POS,Number of malaria positive cases by rapid diagnostic test (RDT),numeric,AMR,Americas,Country,HTI,Haiti,Year,2022,false,,,,,,,,,,,,,13926,,,,,,13 926,,,EN,2025-12-19T00:00:00.000Z
MALARIA_RDT_POS,Number of malaria positive cases by rapid diagnostic test (RDT),numeric,AFR,Africa,Country,GNB,Guinea-Bissau,Year,2022,false,,,,,,,,,,,,,137797,,,,,,137 797,,,EN,2025-12-19T00:00:00.000Z
MALARIA_RDT_POS,Number of malaria positive cases by rapid diagnostic test (RDT),numeric,AFR,Africa,Country,GNQ,Equatorial Guinea,Year,2022,false,,,,,,,,,,,,,14318,,,,,,14 318,,,EN,2025-12-19T00:00:00.000Z
MALARIA_RDT_POS,Number of malaria positive cases by rapid diagnostic test (RDT),numeric,AFR,Africa,Country,ZWE,Zimbabwe,Year,2022,false,,,,,,,,,,,,,141076,,,,,,141 076,,,EN,2025-12-19T00:00:00.000Z
MALARIA_RDT_POS,Number of malaria positive cases by rapid diagnostic test (RDT),numeric,AFR,Africa,Country,STP,Sao Tome and Principe,Year,2022,false,,,,,,,,,,,,,1477,,,,,,1477,,,EN,2025-12-19T00:00:00.000Z
MALARIA_RDT_POS,Number of malaria positive cases by rapid diagnostic test (RDT),numeric,AFR,Africa,Country,UGA,Uganda,Year,2022,false,,,,,,,,,,,,,15006036,,,,,,15 006 036,,,EN,2025-12-19T00:00:00.000Z
MALARIA_RDT_POS,Number of malaria positive cases by rapid diagnostic test (RDT),numeric,WPR,Western Pacific,Country,IDN,Indonesia,Year,2022,false,,,,,,,,,,,,,150174,,,,,,150 174,,,EN,2025-12-19T00:00:00.000Z
MALARIA_RDT_POS,Number of malaria positive cases by rapid diagnostic test (RDT),numeric,SEAR,South-East Asia,Country,MMR,Myanmar,Year,2022,false,,,,,,,,,,,,,153071,,,,,,153 071,,,EN,2025-12-19T00:00:00.000Z
MALARIA_RDT_POS,Number of malaria positive cases by rapid diagnostic test (RDT),numeric,WPR,Western Pacific,Country,VNM,Viet Nam,Year,2022,false,,,,,,,,,,,,,16,,,,,,16,,,EN,2025-12-19T00:00:00.000Z
MALARIA_RDT_POS,Number of malaria positive cases by rapid diagnostic test (RDT),numeric,SEAR,South-East Asia,Country,BGD,Bangladesh,Year,2022,false,,,,,,,,,,,,,17340,,,,,,17 340,,,EN,2025-12-19T00:00:00.000Z
MALARIA_RDT_POS,Number of malaria positive cases by rapid diagnostic test (RDT),numeric,AMR,Americas,Country,BRA,Brazil,Year,2022,false,,,,,,,,,,,,,17502,,,,,,17 502,,,EN,2025-12-19T00:00:00.000Z
MALARIA_RDT_POS,Number of malaria positive cases by rapid diagnostic test (RDT),numeric,AFR,Africa,Country,GAB,Gabon,Year,2022,false,,,,,,,,,,,,,17896,,,,,,17 896,,,EN,2025-12-19T00:00:00.000Z
MALARIA_RDT_POS,Number of malaria positive cases by rapid diagnostic test (RDT),numeric,EMR,Eastern Mediterranean,Country,SAU,Saudi Arabia,Year,2022,false,,,,,,,,,,,,,1711,,,,,,1711,,,EN,2025-12-19T00:00:00.000Z
MALARIA_RDT_POS,Number of malaria positive cases by rapid diagnostic test (RDT),numeric,AFR,Africa,Country,TGO,Togo,Year,2022,false,,,,,,,,,,,,,2017505,,,,,,2 017 505,,,EN,2025-12-19T00:00:00.000Z
MALARIA_RDT_POS,Number of malaria positive cases by rapid diagnostic test (RDT),numeric,AFR,Africa,Country,CAF,Central African Republic,Year,2022,false,,,,,,,,,,,,,2032965,,,,,,2 032 965,,,EN,2025-12-19T00:00:00.000Z
MALARIA_RDT_POS,Number of malaria positive cases by rapid diagnostic test (RDT),numeric,AFR,Africa,Country,BEN,Benin,Year,2022,false,,,,,,,,,,,,,2195456,,,,,,2 195 456,,,EN,2025-12-19T00:00:00.000Z
MALARIA_RDT_POS,Number of malaria positive cases by rapid diagnostic test (RDT),numeric,AFR,Africa,Country,SSD,South Sudan,Year,2022,false,,,,,,,,,,,,,2268185,,,,,,2 268 185,,,EN,2025-12-19T00:00:00.000Z
MALARIA_RDT_POS,Number of malaria positive cases by rapid diagnostic test (RDT),numeric,AFR,Africa,Country,GIN,Guinea,Year,2022,false,,,,,,,,,,,,,2343007,,,,,,2 343 007,,,EN,2025-12-19T00:00:00.000Z
MALARIA_RDT_POS,Number of malaria positive cases by rapid diagnostic test (RDT),numeric,AFR,Africa,Country,CMR,Cameroon,Year,2022,false,,,,,,,,,,,,,2363786,,,,,,2 363 786,,,EN,2025-12-19T00:00:00.000Z
MALARIA_RDT_POS,Number of malaria positive cases by rapid diagnostic test (RDT),numeric,AFR,Africa,Country,NGA,Nigeria,Year,2022,false,,,,,,,,,,,,,20672565,,,,,,20 672 565,,,EN,2025-12-19T00:00:00.000Z
MALARIA_RDT_POS,Number of malaria positive cases by rapid diagnostic test (RDT),numeric,EMR,Eastern Mediterranean,Country,SDN,Sudan,Year,2022,false,,,,,,,,,,,,,218063,,,,,,218 063,,,EN,2025-12-19T00:00:00.000Z
MALARIA_RDT_POS,Number of malaria positive cases by rapid diagnostic test (RDT),numeric,EMR,Eastern Mediterranean,Country,IRN,Iran (Islamic Republic of),Year,2022,false,,,,,,,,,,,,,2229,,,,,,2229,,,EN,2025-12-19T00:00:00.000Z
MALARIA_RDT_POS,Number of malaria positive cases by rapid diagnostic test (RDT),numeric,WPR,Western Pacific,Country,LAO,Lao People's Democratic Republic,Year,2022,false,,,,,,,,,,,,,2276,,,,,,2276,,,EN,2025-12-19T00:00:00.000Z
MALARIA_RDT_POS,Number of malaria positive cases by rapid diagnostic test (RDT),numeric,AFR,Africa,Country,COG,Congo,Year,2022,false,,,,,,,,,,,,,228568,,,,,,228 568,,,EN,2025-12-19T00:00:00.000Z
MALARIA_RDT_POS,Number of malaria positive cases by rapid diagnostic test (RDT),numeric,AMR,Americas,Country,MEX,Mexico,Year,2022,false,,,,,,,,,,,,,24,,,,,,24,,,EN,2025-12-19T00:00:00.000Z
MALARIA_RDT_POS,Number of malaria positive cases by rapid diagnostic test (RDT),numeric,WPR,Western Pacific,Country,KOR,Republic of Korea,Year,2022,false,,,,,,,,,,,,,245,,,,,,245,,,EN,2025-12-19T00:00:00.000Z
MALARIA_RDT_POS,Number of malaria positive cases by rapid diagnostic test (RDT),numeric,AFR,Africa,Country,COD,Democratic Republic of the Congo,Year,2022,false,,,,,,,,,,,,,25990586,,,,,,25 990 586,,,EN,2025-12-19T00:00:00.000Z
MALARIA_RDT_POS,Number of malaria positive cases by rapid diagnostic test (RDT),numeric,AMR,Americas,Country,HND,Honduras,Year,2022,false,,,,,,,,,,,,,259,,,,,,259,,,EN,2025-12-19T00:00:00.000Z
MALARIA_RDT_POS,Number of malaria positive cases by rapid diagnostic test (RDT),numeric,AMR,Americas,Country,BOL,Bolivia (Plurinational State of),Year,2022,false,,,,,,,,,,,,,2638,,,,,,2638,,,EN,2025-12-19T00:00:00.000Z
MALARIA_RDT_POS,Number of malaria positive cases by rapid diagnostic test (RDT),numeric,AMR,Americas,Country,GUF,French Guiana,Year,2022,true,,,,,,,,,,,,,27,,,,,,27,,,EN,2025-12-19T00:00:00.000Z
MALARIA_RDT_POS,Number of malaria positive cases by rapid diagnostic test (RDT),numeric,AFR,Africa,Country,SWZ,Eswatini,Year,2022,false,,,,,,,,,,,,,274,,,,,,274,,,EN,2025-12-19T00:00:00.000Z
MALARIA_RDT_POS,Number of malaria positive cases by rapid diagnostic test (RDT),numeric,WPR,Western Pacific,Country,PHL,Philippines,Year,2022,false,,,,,,,,,,,,,2858,,,,,,2858,,,EN,2025-12-19T00:00:00.000Z
MALARIA_RDT_POS,Number of malaria positive cases by rapid diagnostic test (RDT),numeric,AMR,Americas,Country,PRY,Paraguay,Year,2022,false,,,,,,,,,,,,,3,,,,,,3,,,EN,2025-12-19T00:00:00.000Z
MALARIA_RDT_POS,Number of malaria positive cases by rapid diagnostic test (RDT),numeric,AFR,Africa,Country,MLI,Mali,Year,2022,false,,,,,,,,,,,,,3139068,,,,,,3 139 068,,,EN,2025-12-19T00:00:00.000Z
MALARIA_RDT_POS,Number of malaria positive cases by rapid diagnostic test (RDT),numeric,AFR,Africa,Country,KEN,Kenya,Year,2022,false,,,,,,,,,,,,,3343289,,,,,,3 343 289,,,EN,2025-12-19T00:00:00.000Z
MALARIA_RDT_POS,Number of malaria positive cases by rapid diagnostic test (RDT),numeric,AFR,Africa,Country,TZA,United Republic of Tanzania,Year,2022,false,,,,,,,,,,,,,3355968,,,,,,3 355 968,,,EN,2025-12-19T00:00:00.000Z
MALARIA_RDT_POS,Number of malaria positive cases by rapid diagnostic test (RDT),numeric,AFR,Africa,Country,AGO,Angola,Year,2022,false,,,,,,,,,,,,,3923960,,,,,,3 923 960,,,EN,2025-12-19T00:00:00.000Z
MALARIA_RDT_POS,Number of malaria positive cases by rapid diagnostic test (RDT),numeric,AFR,Africa,Country,GHA,Ghana,Year,2022,false,,,,,,,,,,,,,3975007,,,,,,3 975 007,,,EN,2025-12-19T00:00:00.000Z
MALARIA_RDT_POS,Number of malaria positive cases by rapid diagnostic test (RDT),numeric,EMR,Eastern Mediterranean,Country,DJI,Djibouti,Year,2022,false,,,,,,,,,,,,,30564,,,,,,30 564,,,EN,2025-12-19T00:00:00.000Z
MALARIA_RDT_POS,Number of malaria positive cases by rapid diagnostic test (RDT),numeric,AMR,Americas,Country,ECU,Ecuador,Year,2022,false,,,,,,,,,,,,,315,,,,,,315,,,EN,2025-12-19T00:00:00.000Z
MALARIA_RDT_POS,Number of malaria positive cases by rapid diagnostic test (RDT),numeric,SEAR,South-East Asia,Country,THA,Thailand,Year,2022,false,,,,,,,,,,,,,3160,,,,,,3160,,,EN,2025-12-19T00:00:00.000Z
MALARIA_RDT_POS,Number of malaria positive cases by rapid diagnostic test (RDT),numeric,AMR,Americas,Country,DOM,Dominican Republic,Year,2022,false,,,,,,,,,,,,,337,,,,,,337,,,EN,2025-12-19T00:00:00.000Z
MALARIA_RDT_POS,Number of malaria positive cases by rapid diagnostic test (RDT),numeric,WPR,Western Pacific,Country,KHM,Cambodia,Year,2022,false,,,,,,,,,,,,,3654,,,,,,3654,,,EN,2025-12-19T00:00:00.000Z
MALARIA_RDT_POS,Number of malaria positive cases by rapid diagnostic test (RDT),numeric,AMR,Americas,Country,CRI,Costa Rica,Year,2022,false,,,,,,,,,,,,,398,,,,,,398,,,EN,2025-12-19T00:00:00.000Z
MALARIA_RDT_POS,Number of malaria positive cases by rapid diagnostic test (RDT),numeric,AFR,Africa,Country,MWI,Malawi,Year,2022,false,,,,,,,,,,,,,4173988,,,,,,4 173 988,,,EN,2025-12-19T00:00:00.000Z
MALARIA_RDT_POS,Number of malaria positive cases by rapid diagnostic test (RDT),numeric,AFR,Africa,Country,NER,Niger,Year,2022,false,,,,,,,,,,,,,4898864,,,,,,4 898 864,,,EN,2025-12-19T00:00:00.000Z
MALARIA_RDT_POS,Number of malaria positive cases by rapid diagnostic test (RDT),numeric,AFR,Africa,Country,MRT,Mauritania,Year,2022,false,,,,,,,,,,,,,40540,,,,,,40 540,,,EN,2025-12-19T00:00:00.000Z
MALARIA_RDT_POS,Number of malaria positive cases by rapid diagnostic test (RDT),numeric,AFR,Africa,Country,SEN,Senegal,Year,2022,false,,,,,,,,,,,,,439994,,,,,,439 994,,,EN,2025-12-19T00:00:00.000Z
MALARIA_RDT_POS,Number of malaria positive cases by rapid diagnostic test (RDT),numeric,AFR,Africa,Country,BWA,Botswana,Year,2022,false,,,,,,,,,,,,,446,,,,,,446,,,EN,2025-12-19T00:00:00.000Z
MALARIA_RDT_POS,Number of malaria positive cases by rapid diagnostic test (RDT),numeric,AFR,Africa,Country,ERI,Eritrea,Year,2022,false,,,,,,,,,,,,,46916,,,,,,46 916,,,EN,2025-12-19T00:00:00.000Z
MALARIA_RDT_POS,Number of malaria positive cases by rapid diagnostic test (RDT),numeric,AFR,Africa,Country,LBR,Liberia,Year,2022,false,,,,,,,,,,,,,478387,,,,,,478 387,,,EN,2025-12-19T00:00:00.000Z
MALARIA_RDT_POS,Number of malaria positive cases by rapid diagnostic test (RDT),numeric,AMR,Americas,Country,GUY,Guyana,Year,2022,false,,,,,,,,,,,,,5663,,,,,,5663,,,EN,2025-12-19T00:00:00.000Z
MALARIA_RDT_POS,Number of malaria positive cases by rapid diagnostic test (RDT),numeric,AMR,Americas,Country,NIC,Nicaragua,Year,2022,false,,,,,,,,,,,,,5747,,,,,,5747,,,EN,2025-12-19T00:00:00.000Z
MALARIA_RDT_POS,Number of malaria positive cases by rapid diagnostic test (RDT),numeric,WPR,Western Pacific,Country,SLB,Solomon Islands,Year,2022,false,,,,,,,,,,,,,58954,,,,,,58 954,,,EN,2025-12-19T00:00:00.000Z
MALARIA_RDT_POS,Number of malaria positive cases by rapid diagnostic test (RDT),numeric,AFR,Africa,Country,CIV,Cote d'Ivoire,Year,2022,false,,,,,,,,,,,,,6918127,,,,,,6 918 127,,,EN,2025-12-19T00:00:00.000Z
MALARIA_RDT_POS,Number of malaria positive cases by rapid diagnostic test (RDT),numeric,EMR,Eastern Mediterranean,Country,AFG,Afghanistan,Year,2022,false,,,,,,,,,,,,,65729,,,,,,65 729,,,EN,2025-12-19T00:00:00.000Z
MALARIA_RDT_POS,Number of malaria positive cases by rapid diagnostic test (RDT),numeric,AFR,Africa,Country,RWA,Rwanda,Year,2022,false,,,,,,,,,,,,,652075,,,,,,652 075,,,EN,2025-12-19T00:00:00.000Z
MALARIA_RDT_POS,Number of malaria positive cases by rapid diagnostic test (RDT),numeric,AMR,Americas,Country,PAN,Panama,Year,2022,false,,,,,,,,,,,,,6800,,,,,,6800,,,EN,2025-12-19T00:00:00.000Z
MALARIA_RDT_POS,Number of malaria positive cases by rapid diagnostic test (RDT),numeric,AFR,Africa,Country,BDI,Burundi,Year,2022,false,,,,,,,,,,,,,7146172,,,,,,7 146 172,,,EN,2025-12-19T00:00:00.000Z
MALARIA_RDT_POS,Number of malaria positive cases by rapid diagnostic test (RDT),numeric,AMR,Americas,Country,VEN,Venezuela (Bolivarian Republic of),Year,2022,false,,,,,,,,,,,,,70456,,,,,,70 456,,,EN,2025-12-19T00:00:00.000Z
MALARIA_RDT_POS,Number of malaria positive cases by rapid diagnostic test (RDT),numeric,AFR,Africa,Country,ZAF,South Africa,Year,2022,false,,,,,,,,,,,,,7280,,,,,,7280,,,EN,2025-12-19T00:00:00.000Z
MALARIA_RDT_POS,Number of malaria positive cases by rapid diagnostic test (RDT),numeric,EMR,Eastern Mediterranean,Country,SOM,Somalia,Year,2022,false,,,,,,,,,,,,,7376,,,,,,7376,,,EN,2025-12-19T00:00:00.000Z
MALARIA_RDT_POS,Number of malaria positive cases by rapid diagnostic test (RDT),numeric,AFR,Africa,Country,GMB,Gambia,Year,2022,false,,,,,,,,,,,,,76624,,,,,,76 624,,,EN,2025-12-19T00:00:00.000Z
MALARIA_RDT_POS,Number of malaria positive cases by rapid diagnostic test (RDT),numeric,AFR,Africa,Country,ZMB,Zambia,Year,2022,false,,,,,,,,,,,,,8028047,,,,,,8 028 047,,,EN,2025-12-19T00:00:00.000Z
MALARIA_RDT_POS,Number of malaria positive cases by rapid diagnostic test (RDT),numeric,SEAR,South-East Asia,Country,PRK,Democratic People's Republic of Korea,Year,2022,false,,,,,,,,,,,,,80,,,,,,80,,,EN,2025-12-19T00:00:00.000Z
MALARIA_RDT_POS,Number of malaria positive cases by rapid diagnostic test (RDT),numeric,WPR,Western Pacific,Country,PNG,Papua New Guinea,Year,2022,false,,,,,,,,,,,,,878155,,,,,,878 155,,,EN,2025-12-19T00:00:00.000Z
MALARIA_RDT_POS,Number of malaria positive cases by rapid diagnostic test (RDT),numeric,EMR,Eastern Mediterranean,Country,YEM,Yemen,Year,2022,false,,,,,,,,,,,,,92846,,,,,,92 846,,,EN,2025-12-19T00:00:00.000Z
MALARIA_RDT_POS,Number of malaria positive cases by rapid diagnostic test (RDT),numeric,AMR,Americas,Country,BLZ,Belize,Year,2021,false,,,,,,,,,,,,,0,,,,,,0,,,EN,2025-12-19T00:00:00.000Z
MALARIA_RDT_POS,Number of malaria positive cases by rapid diagnostic test (RDT),numeric,SEAR,South-East Asia,Country,BTN,Bhutan,Year,2021,false,,,,,,,,,,,,,0,,,,,,0,,,EN,2025-12-19T00:00:00.000Z
MALARIA_RDT_POS,Number of malaria positive cases by rapid diagnostic test (RDT),numeric,AFR,Africa,Country,CPV,Cabo Verde,Year,2021,false,,,,,,,,,,,,,0,,,,,,0,,,EN,2025-12-19T00:00:00.000Z
MALARIA_RDT_POS,Number of malaria positive cases by rapid diagnostic test (RDT),numeric,SEAR,South-East Asia,Country,PRK,Democratic People's Republic of Korea,Year,2021,false,,,,,,,,,,,,,0,,,,,,0,,,EN,2025-12-19T00:00:00.000Z
MALARIA_RDT_POS,Number of malaria positive cases by rapid diagnostic test (RDT),numeric,SEAR,South-East Asia,Country,LKA,Sri Lanka,Year,2021,false,,,,,,,,,,,,,0,,,,,,0,,,EN,2025-12-19T00:00:00.000Z
MALARIA_RDT_POS,Number of malaria positive cases by rapid diagnostic test (RDT),numeric,SEAR,South-East Asia,Country,TLS,Timor-Leste,Year,2021,false,,,,,,,,,,,,,0,,,,,,0,,,EN,2025-12-19T00:00:00.000Z
MALARIA_RDT_POS,Number of malaria positive cases by rapid diagnostic test (RDT),numeric,AFR,Africa,Country,TCD,Chad,Year,2021,false,,,,,,,,,,,,,1226911,,,,,,1 226 911,,,EN,2025-12-19T00:00:00.000Z
MALARIA_RDT_POS,Number of malaria positive cases by rapid diagnostic test (RDT),numeric,AFR,Africa,Country,TGO,Togo,Year,2021,false,,,,,,,,,,,,,1617949,,,,,,1 617 949,,,EN,2025-12-19T00:00:00.000Z
MALARIA_RDT_POS,Number of malaria positive cases by rapid diagnostic test (RDT),numeric,AFR,Africa,Country,CAF,Central African Republic,Year,2021,false,,,,,,,,,,,,,1813035,,,,,,1 813 035,,,EN,2025-12-19T00:00:00.000Z
MALARIA_RDT_POS,Number of malaria positive cases by rapid diagnostic test (RDT),numeric,AFR,Africa,Country,SSD,South Sudan,Year,2021,false,,,,,,,,,,,,,1843615,,,,,,1 843 615,,,EN,2025-12-19T00:00:00.000Z
MALARIA_RDT_POS,Number of malaria positive cases by rapid diagnostic test (RDT),numeric,AFR,Africa,Country,SLE,Sierra Leone,Year,2021,false,,,,,,,,,,,,,1882454,,,,,,1 882 454,,,EN,2025-12-19T00:00:00.000Z
MALARIA_RDT_POS,Number of malaria positive cases by rapid diagnostic test (RDT),numeric,SEAR,South-East Asia,Country,THA,Thailand,Year,2021,false,,,,,,,,,,,,,1052,,,,,,1052,,,EN,2025-12-19T00:00:00.000Z
MALARIA_RDT_POS,Number of malaria positive cases by rapid diagnostic test (RDT),numeric,AFR,Africa,Country,UGA,Uganda,Year,2021,false,,,,,,,,,,,,,11131747,,,,,,11 131 747,,,EN,2025-12-19T00:00:00.000Z
MALARIA_RDT_POS,Number of malaria positive cases by rapid diagnostic test (RDT),numeric,AFR,Africa,Country,BFA,Burkina Faso,Year,2021,false,,,,,,,,,,,,,11604439,,,,,,11 604 439,,,EN,2025-12-19T00:00:00.000Z
MALARIA_RDT_POS,Number of malaria positive cases by rapid diagnostic test (RDT),numeric,AMR,Americas,Country,CRI,Costa Rica,Year,2021,false,,,,,,,,,,,,,128,,,,,,128,,,EN,2025-12-19T00:00:00.000Z
MALARIA_RDT_POS,Number of malaria positive cases by rapid diagnostic test (RDT),numeric,AFR,Africa,Country,NAM,Namibia,Year,2021,false,,,,,,,,,,,,,13738,,,,,,13 738,,,EN,2025-12-19T00:00:00.000Z
MALARIA_RDT_POS,Number of malaria positive cases by rapid diagnostic test (RDT),numeric,AFR,Africa,Country,ZWE,Zimbabwe,Year,2021,false,,,,,,,,,,,,,133137,,,,,,133 137,,,EN,2025-12-19T00:00:00.000Z
MALARIA_RDT_POS,Number of malaria positive cases by rapid diagnostic test (RDT),numeric,AFR,Africa,Country,COG,Congo,Year,2021,false,,,,,,,,,,,,,148125,,,,,,148 125,,,EN,2025-12-19T00:00:00.000Z
MALARIA_RDT_POS,Number of malaria positive cases by rapid diagnostic test (RDT),numeric,EMR,Eastern Mediterranean,Country,SAU,Saudi Arabia,Year,2021,false,,,,,,,,,,,,,1525,,,,,,1525,,,EN,2025-12-19T00:00:00.000Z
MALARIA_RDT_POS,Number of malaria positive cases by rapid diagnostic test (RDT),numeric,AFR,Africa,Country,MRT,Mauritania,Year,2021,false,,,,,,,,,,,,,18660,,,,,,18 660,,,EN,2025-12-19T00:00:00.000Z
MALARIA_RDT_POS,Number of malaria positive cases by rapid diagnostic test (RDT),numeric,AFR,Africa,Country,NGA,Nigeria,Year,2021,false,,,,,,,,,,,,,18765444,,,,,,18 765 444,,,EN,2025-12-19T00:00:00.000Z
MALARIA_RDT_POS,Number of malaria positive cases by rapid diagnostic test (RDT),numeric,WPR,Western Pacific,Country,VNM,Viet Nam,Year,2021,false,,,,,,,,,,,,,19,,,,,,19,,,EN,2025-12-19T00:00:00.000Z
MALARIA_RDT_POS,Number of malaria positive cases by rapid diagnostic test (RDT),numeric,AFR,Africa,Country,CMR,Cameroon,Year,2021,false,,,,,,,,,,,,,2259343,,,,,,2 259 343,,,EN,2025-12-19T00:00:00.000Z
MALARIA_RDT_POS,Number of malaria positive cases by rapid diagnostic test (RDT),numeric,AFR,Africa,Country,GIN,Guinea,Year,2021,false,,,,,,,,,,,,,2280753,,,,,,2 280 753,,,EN,2025-12-19T00:00:00.000Z
MALARIA_RDT_POS,Number of malaria positive cases by rapid diagnostic test (RDT),numeric,AFR,Africa,Country,BEN,Benin,Year,2021,false,,,,,,,,,,,,,2293253,,,,,,2 293 253,,,EN,2025-12-19T00:00:00.000Z
MALARIA_RDT_POS,Number of malaria positive cases by rapid diagnostic test (RDT),numeric,AFR,Africa,Country,KEN,Kenya,Year,2021,false,,,,,,,,,,,,,2331988,,,,,,2 331 988,,,EN,2025-12-19T00:00:00.000Z
MALARIA_RDT_POS,Number of malaria positive cases by rapid diagnostic test (RDT),numeric,AFR,Africa,Country,MDG,Madagascar,Year,2021,false,,,,,,,,,,,,,2339103,,,,,,2 339 103,,,EN,2025-12-19T00:00:00.000Z
MALARIA_RDT_POS,Number of malaria positive cases by rapid diagnostic test (RDT),numeric,AFR,Africa,Country,MLI,Mali,Year,2021,false,,,,,,,,,,,,,2621981,,,,,,2 621 981,,,EN,2025-12-19T00:00:00.000Z
MALARIA_RDT_POS,Number of malaria positive cases by rapid diagnostic test (RDT),numeric,AFR,Africa,Country,GAB,Gabon,Year,2021,false,,,,,,,,,,,,,20627,,,,,,20 627,,,EN,2025-12-19T00:00:00.000Z
MALARIA_RDT_POS,Number of malaria positive cases by rapid diagnostic test (RDT),numeric,AMR,Americas,Country,BRA,Brazil,Year,2021,false,,,,,,,,,,,,,20651,,,,,,20 651,,,EN,2025-12-19T00:00:00.000Z
MALARIA_RDT_POS,Number of malaria positive cases by rapid diagnostic test (RDT),numeric,AMR,Americas,Country,GUF,French Guiana,Year,2021,false,,,,,,,,,,,,,21,,,,,,21,,,EN,2025-12-19T00:00:00.000Z
MALARIA_RDT_POS,Number of malaria positive cases by rapid diagnostic test (RDT),numeric,AFR,Africa,Country,COD,Democratic Republic of the Congo,Year,2021,false,,,,,,,,,,,,,21602612,,,,,,21 602 612,,,EN,2025-12-19T00:00:00.000Z
MALARIA_RDT_POS,Number of malaria positive cases by rapid diagnostic test (RDT),numeric,AMR,Americas,Country,BOL,Bolivia (Plurinational State of),Year,2021,false,,,,,,,,,,,,,2555,,,,,,2555,,,EN,2025-12-19T00:00:00.000Z
MALARIA_RDT_POS,Number of malaria positive cases by rapid diagnostic test (RDT),numeric,AMR,Americas,Country,DOM,Dominican Republic,Year,2021,false,,,,,,,,,,,,,274,,,,,,274,,,EN,2025-12-19T00:00:00.000Z
MALARIA_RDT_POS,Number of malaria positive cases by rapid diagnostic test (RDT),numeric,WPR,Western Pacific,Country,VUT,Vanuatu,Year,2021,false,,,,,,,,,,,,,288,,,,,,288,,,EN,2025-12-19T00:00:00.000Z
MALARIA_RDT_POS,Number of malaria positive cases by rapid diagnostic test (RDT),numeric,AFR,Africa,Country,COM,Comoros,Year,2021,false,,,,,,,,,,,,,2916,,,,,,2916,,,EN,2025-12-19T00:00:00.000Z
MALARIA_RDT_POS,Number of malaria positive cases by rapid diagnostic test (RDT),numeric,AMR,Americas,Country,PRY,Paraguay,Year,2021,false,,,,,,,,,,,,,3,,,,,,3,,,EN,2025-12-19T00:00:00.000Z
MALARIA_RDT_POS,Number of malaria positive cases by rapid diagnostic test (RDT),numeric,AFR,Africa,Country,NER,Niger,Year,2021,false,,,,,,,,,,,,,3845709,,,,,,3 845 709,,,EN,2025-12-19T00:00:00.000Z
MALARIA_RDT_POS,Number of malaria positive cases by rapid diagnostic test (RDT),numeric,EMR,Eastern Mediterranean,Country,PAK,Pakistan,Year,2021,false,,,,,,,,,,,,,312778,,,,,,312 778,,,EN,2025-12-19T00:00:00.000Z
MALARIA_RDT_POS,Number of malaria positive cases by rapid diagnostic test (RDT),numeric,AFR,Africa,Country,ERI,Eritrea,Year,2021,false,,,,,,,,,,,,,33349,,,,,,33 349,,,EN,2025-12-19T00:00:00.000Z
MALARIA_RDT_POS,Number of malaria positive cases by rapid diagnostic test (RDT),numeric,AFR,Africa,Country,STP,Sao Tome and Principe,Year,2021,false,,,,,,,,,,,,,333,,,,,,333,,,EN,2025-12-19T00:00:00.000Z
MALARIA_RDT_POS,Number of malaria positive cases by rapid diagnostic test (RDT),numeric,EMR,Eastern Mediterranean,Country,SDN,Sudan,Year,2021,false,,,,,,,,,,,,,337852,,,,,,337 852,,,EN,2025-12-19T00:00:00.000Z
MALARIA_RDT_POS,Number of malaria positive cases by rapid diagnostic test (RDT),numeric,WPR,Western Pacific,Country,PHL,Philippines,Year,2021,false,,,,,,,,,,,,,3656,,,,,,3656,,,EN,2025-12-19T00:00:00.000Z
MALARIA_RDT_POS,Number of malaria positive cases by rapid diagnostic test (RDT),numeric,SEAR,South-East Asia,Country,NPL,Nepal,Year,2021,false,,,,,,,,,,,,,373,,,,,,373,,,EN,2025-12-19T00:00:00.000Z
MALARIA_RDT_POS,Number of malaria positive cases by rapid diagnostic test (RDT),numeric,AFR,Africa,Country,SWZ,Eswatini,Year,2021,false,,,,,,,,,,,,,374,,,,,,374,,,EN,2025-12-19T00:00:00.000Z
MALARIA_RDT_POS,Number of malaria positive cases by rapid diagnostic test (RDT),numeric,WPR,Western Pacific,Country,LAO,Lao People's Democratic Republic,Year,2021,false,,,,,,,,,,,,,3741,,,,,,3741,,,EN,2025-12-19T00:00:00.000Z
MALARIA_RDT_POS,Number of malaria positive cases by rapid diagnostic test (RDT),numeric,WPR,Western Pacific,Country,SLB,Solomon Islands,Year,2021,false,,,,,,,,,,,,,38954,,,,,,38 954,,,EN,2025-12-19T00:00:00.000Z
MALARIA_RDT_POS,Number of malaria positive cases by rapid diagnostic test (RDT),numeric,AFR,Africa,Country,TZA,United Republic of Tanzania,Year,2021,false,,,,,,,,,,,,,4227333,,,,,,4 227 333,,,EN,2025-12-19T00:00:00.000Z
MALARIA_RDT_POS,Number of malaria positive cases by rapid diagnostic test (RDT),numeric,AFR,Africa,Country,GHA,Ghana,Year,2021,false,,,,,,,,,,,,,4419910,,,,,,4 419 910,,,EN,2025-12-19T00:00:00.000Z
MALARIA_RDT_POS,Number of malaria positive cases by rapid diagnostic test (RDT),numeric,AFR,Africa,Country,AGO,Angola,Year,2021,false,,,,,,,,,,,,,4900971,,,,,,4 900 971,,,EN,2025-12-19T00:00:00.000Z
MALARIA_RDT_POS,Number of malaria positive cases by rapid diagnostic test (RDT),numeric,WPR,Western Pacific,Country,KHM,Cambodia,Year,2021,false,,,,,,,,,,,,,4147,,,,,,4147,,,EN,2025-12-19T00:00:00.000Z
MALARIA_RDT_POS,Number of malaria positive cases by rapid diagnostic test (RDT),numeric,AMR,Americas,Country,PAN,Panama,Year,2021,false,,,,,,,,,,,,,4253,,,,,,4253,,,EN,2025-12-19T00:00:00.000Z
MALARIA_RDT_POS,Number of malaria positive cases by rapid diagnostic test (RDT),numeric,AFR,Africa,Country,ZAF,South Africa,Year,2021,false,,,,,,,,,,,,,4463,,,,,,4463,,,EN,2025-12-19T00:00:00.000Z
MALARIA_RDT_POS,Number of malaria positive cases by rapid diagnostic test (RDT),numeric,EMR,Eastern Mediterranean,Country,DJI,Djibouti,Year,2021,false,,,,,,,,,,,,,45706,,,,,,45 706,,,EN,2025-12-19T00:00:00.000Z
MALARIA_RDT_POS,Number of malaria positive cases by rapid diagnostic test (RDT),numeric,AMR,Americas,Country,ECU,Ecuador,Year,2021,false,,,,,,,,,,,,,467,,,,,,467,,,EN,2025-12-19T00:00:00.000Z
MALARIA_RDT_POS,Number of malaria positive cases by rapid diagnostic test (RDT),numeric,EMR,Eastern Mediterranean,Country,IRN,Iran (Islamic Republic of),Year,2021,false,,,,,,,,,,,,,5,,,,,,5,,,EN,2025-12-19T00:00:00.000Z
MALARIA_RDT_POS,Number of malaria positive cases by rapid diagnostic test (RDT),numeric,AFR,Africa,Country,BDI,Burundi,Year,2021,false,,,,,,,,,,,,,5424395,,,,,,5 424 395,,,EN,2025-12-19T00:00:00.000Z
MALARIA_RDT_POS,Number of malaria positive cases by rapid diagnostic test (RDT),numeric,EMR,Eastern Mediterranean,Country,AFG,Afghanistan,Year,2021,false,,,,,,,,,,,,,51114,,,,,,51 114,,,EN,2025-12-19T00:00:00.000Z
MALARIA_RDT_POS,Number of malaria positive cases by rapid diagnostic test (RDT),numeric,AFR,Africa,Country,SEN,Senegal,Year,2021,false,,,,,,,,,,,,,531628,,,,,,531 628,,,EN,2025-12-19T00:00:00.000Z
MALARIA_RDT_POS,Number of malaria positive cases by rapid diagnostic test (RDT),numeric,AMR,Americas,Country,COL,Colombia,Year,2021,false,,,,,,,,,,,,,5396,,,,,,5396,,,EN,2025-12-19T00:00:00.000Z
MALARIA_RDT_POS,Number of malaria positive cases by rapid diagnostic test (RDT),numeric,AFR,Africa,Country,CIV,Cote d'Ivoire,Year,2021,false,,,,,,,,,,,,,6206027,,,,,,6 206 027,,,EN,2025-12-19T00:00:00.000Z
MALARIA_RDT_POS,Number of malaria positive cases by rapid diagnostic test (RDT),numeric,AFR,Africa,Country,ZMB,Zambia,Year,2021,false,,,,,,,,,,,,,6651557,,,,,,6 651 557,,,EN,2025-12-19T00:00:00.000Z
MALARIA_RDT_POS,Number of malaria positive cases by rapid diagnostic test (RDT),numeric,AFR,Africa,Country,MWI,Malawi,Year,2021,false,,,,,,,,,,,,,6880537,,,,,,6 880 537,,,EN,2025-12-19T00:00:00.000Z
MALARIA_RDT_POS,Number of malaria positive cases by rapid diagnostic test (RDT),numeric,AFR,Africa,Country,LBR,Liberia,Year,2021,false,,,,,,,,,,,,,607618,,,,,,607 618,,,EN,2025-12-19T00:00:00.000Z
MALARIA_RDT_POS,Number of malaria positive cases by rapid diagnostic test (RDT),numeric,AFR,Africa,Country,GMB,Gambia,Year,2021,false,,,,,,,,,,,,,61139,,,,,,61 139,,,EN,2025-12-19T00:00:00.000Z
MALARIA_RDT_POS,Number of malaria positive cases by rapid diagnostic test (RDT),numeric,WPR,Western Pacific,Country,PNG,Papua New Guinea,Year,2021,false,,,,,,,,,,,,,631331,,,,,,631 331,,,EN,2025-12-19T00:00:00.000Z
MALARIA_RDT_POS,Number of malaria positive cases by rapid diagnostic test (RDT),numeric,AMR,Americas,Country,NIC,Nicaragua,Year,2021,false,,,,,,,,,,,,,6639,,,,,,6639,,,EN,2025-12-19T00:00:00.000Z
MALARIA_RDT_POS,Number of malaria positive cases by rapid diagnostic test (RDT),numeric,SEAR,South-East Asia,Country,BGD,Bangladesh,Year,2021,false,,,,,,,,,,,,,6836,,,,,,6836,,,EN,2025-12-19T00:00:00.000Z
MALARIA_RDT_POS,Number of malaria positive cases by rapid diagnostic test (RDT),numeric,AFR,Africa,Country,BWA,Botswana,Year,2021,false,,,,,,,,,,,,,729,,,,,,729,,,EN,2025-12-19T00:00:00.000Z
MALARIA_RDT_POS,Number of malaria positive cases by rapid diagnostic test (RDT),numeric,AMR,Americas,Country,SUR,Suriname,Year,2021,false,,,,,,,,,,,,,76,,,,,,76,,,EN,2025-12-19T00:00:00.000Z
MALARIA_RDT_POS,Number of malaria positive cases by rapid diagnostic test (RDT),numeric,SEAR,South-East Asia,Country,MMR,Myanmar,Year,2021,false,,,,,,,,,,,,,76377,,,,,,76 377,,,EN,2025-12-19T00:00:00.000Z
MALARIA_RDT_POS,Number of malaria positive cases by rapid diagnostic test (RDT),numeric,AMR,Americas,Country,VEN,Venezuela (Bolivarian Republic of),Year,2021,false,,,,,,,,,,,,,80194,,,,,,80 194,,,EN,2025-12-19T00:00:00.000Z
MALARIA_RDT_POS,Number of malaria positive cases by rapid diagnostic test (RDT),numeric,EMR,Eastern Mediterranean,Country,SOM,Somalia,Year,2021,false,,,,,,,,,,,,,8504,,,,,,8504,,,EN,2025-12-19T00:00:00.000Z
MALARIA_RDT_POS,Number of malaria positive cases by rapid diagnostic test (RDT),numeric,WPR,Western Pacific,Country,IDN,Indonesia,Year,2021,false,,,,,,,,,,,,,87863,,,,,,87 863,,,EN,2025-12-19T00:00:00.000Z
MALARIA_RDT_POS,Number of malaria positive cases by rapid diagnostic test (RDT),numeric,AFR,Africa,Country,MOZ,Mozambique,Year,2021,false,,,,,,,,,,,,,9824366,,,,,,9 824 366,,,EN,2025-12-19T00:00:00.000Z
MALARIA_RDT_POS,Number of malaria positive cases by rapid diagnostic test (RDT),numeric,AFR,Africa,Country,RWA,Rwanda,Year,2021,false,,,,,,,,,,,,,904509,,,,,,904 509,,,EN,2025-12-19T00:00:00.000Z
MALARIA_RDT_POS,Number of malaria positive cases by rapid diagnostic test (RDT),numeric,AMR,Americas,Country,GUY,Guyana,Year,2021,false,,,,,,,,,,,,,9065,,,,,,9065,,,EN,2025-12-19T00:00:00.000Z
MALARIA_RDT_POS,Number of malaria positive cases by rapid diagnostic test (RDT),numeric,AMR,Americas,Country,HTI,Haiti,Year,2021,false,,,,,,,,,,,,,9333,,,,,,9333,,,EN,2025-12-19T00:00:00.000Z
MALARIA_RDT_POS,Number of malaria positive cases by rapid diagnostic test (RDT),numeric,WPR,Western Pacific,Country,KOR,Republic of Korea,Year,2021,false,,,,,,,,,,,,,94,,,,,,94,,,EN,2025-12-19T00:00:00.000Z
MALARIA_RDT_POS,Number of malaria positive cases by rapid diagnostic test (RDT),numeric,SEAR,South-East Asia,Country,IND,India,Year,2021,false,,,,,,,,,,,,,94149,,,,,,94 149,,,EN,2025-12-19T00:00:00.000Z
MALARIA_RDT_POS,Number of malaria positive cases by rapid diagnostic test (RDT),numeric,EMR,Eastern Mediterranean,Country,YEM,Yemen,Year,2021,false,,,,,,,,,,,,,96903,,,,,,96 903,,,EN,2025-12-19T00:00:00.000Z
MALARIA_RDT_POS,Number of malaria positive cases by rapid diagnostic test (RDT),numeric,AMR,Americas,Country,HND,Honduras,Year,2021,false,,,,,,,,,,,,,968,,,,,,968,,,EN,2025-12-19T00:00:00.000Z
MALARIA_RDT_POS,Number of malaria positive cases by rapid diagnostic test (RDT),numeric,AMR,Americas,Country,BLZ,Belize,Year,2020,false,,,,,,,,,,,,,0,,,,,,0,,,EN,2025-12-19T00:00:00.000Z
MALARIA_RDT_POS,Number of malaria positive cases by rapid diagnostic test (RDT),numeric,AFR,Africa,Country,CPV,Cabo Verde,Year,2020,false,,,,,,,,,,,,,0,,,,,,0,,,EN,2025-12-19T00:00:00.000Z
MALARIA_RDT_POS,Number of malaria positive cases by rapid diagnostic test (RDT),numeric,EUR,Europe,Country,KAZ,Kazakhstan,Year,2020,true,,,,,,,,,,,,,0,,,,,,0,,,EN,2025-12-19T00:00:00.000Z
MALARIA_RDT_POS,Number of malaria positive cases by rapid diagnostic test (RDT),numeric,AMR,Americas,Country,PRY,Paraguay,Year,2020,false,,,,,,,,,,,,,0,,,,,,0,,,EN,2025-12-19T00:00:00.000Z
MALARIA_RDT_POS,Number of malaria positive cases by rapid diagnostic test (RDT),numeric,SEAR,South-East Asia,Country,LKA,Sri Lanka,Year,2020,false,,,,,,,,,,,,,0,,,,,,0,,,EN,2025-12-19T00:00:00.000Z
MALARIA_RDT_POS,Number of malaria positive cases by rapid diagnostic test (RDT),numeric,AFR,Africa,Country,TCD,Chad,Year,2020,false,,,,,,,,,,,,,1350378,,,,,,1 350 378,,,EN,2025-12-19T00:00:00.000Z
MALARIA_RDT_POS,Number of malaria positive cases by rapid diagnostic test (RDT),numeric,AFR,Africa,Country,TGO,Togo,Year,2020,false,,,,,,,,,,,,,1510575,,,,,,1 510 575,,,EN,2025-12-19T00:00:00.000Z
MALARIA_RDT_POS,Number of malaria positive cases by rapid diagnostic test (RDT),numeric,AFR,Africa,Country,RWA,Rwanda,Year,2020,false,,,,,,,,,,,,,1549912,,,,,,1 549 912,,,EN,2025-12-19T00:00:00.000Z
MALARIA_RDT_POS,Number of malaria positive cases by rapid diagnostic test (RDT),numeric,AFR,Africa,Country,CAF,Central African Republic,Year,2020,false,,,,,,,,,,,,,1563228,,,,,,1 563 228,,,EN,2025-12-19T00:00:00.000Z
MALARIA_RDT_POS,Number of malaria positive cases by rapid diagnostic test (RDT),numeric,AFR,Africa,Country,GIN,Guinea,Year,2020,false,,,,,,,,,,,,,1891408,,,,,,1 891 408,,,EN,2025-12-19T00:00:00.000Z
MALARIA_RDT_POS,Number of malaria positive cases by rapid diagnostic test (RDT),numeric,AFR,Africa,Country,CMR,Cameroon,Year,2020,false,,,,,,,,,,,,,1933546,,,,,,1 933 546,,,EN,2025-12-19T00:00:00.000Z
MALARIA_RDT_POS,Number of malaria positive cases by rapid diagnostic test (RDT),numeric,AFR,Africa,Country,MDG,Madagascar,Year,2020,false,,,,,,,,,,,,,1945396,,,,,,1 945 396,,,EN,2025-12-19T00:00:00.000Z
MALARIA_RDT_POS,Number of malaria positive cases by rapid diagnostic test (RDT),numeric,AMR,Americas,Country,GUY,Guyana,Year,2020,false,,,,,,,,,,,,,10025,,,,,,10 025,,,EN,2025-12-19T00:00:00.000Z
MALARIA_RDT_POS,Number of malaria positive cases by rapid diagnostic test (RDT),numeric,AFR,Africa,Country,BFA,Burkina Faso,Year,2020,false,,,,,,,,,,,,,10519323,,,,,,10 519 323,,,EN,2025-12-19T00:00:00.000Z
MALARIA_RDT_POS,Number of malaria positive cases by rapid diagnostic test (RDT),numeric,AFR,Africa,Country,MOZ,Mozambique,Year,2020,false,,,,,,,,,,,,,10845525,,,,,,10 845 525,,,EN,2025-12-19T00:00:00.000Z
MALARIA_RDT_POS,Number of malaria positive cases by rapid diagnostic test (RDT),numeric,SEAR,South-East Asia,Country,THA,Thailand,Year,2020,false,,,,,,,,,,,,,1148,,,,,,1148,,,EN,2025-12-19T00:00:00.000Z
MALARIA_RDT_POS,Number of malaria positive cases by rapid diagnostic test (RDT),numeric,WPR,Western Pacific,Country,VNM,Viet Nam,Year,2020,false,,,,,,,,,,,,,1168,,,,,,1168,,,EN,2025-12-19T00:00:00.000Z
MALARIA_RDT_POS,Number of malaria positive cases by rapid diagnostic test (RDT),numeric,AFR,Africa,Country,MRT,Mauritania,Year,2020,false,,,,,,,,,,,,,12425,,,,,,12 425,,,EN,2025-12-19T00:00:00.000Z
MALARIA_RDT_POS,Number of malaria positive cases by rapid diagnostic test (RDT),numeric,AFR,Africa,Country,UGA,Uganda,Year,2020,false,,,,,,,,,,,,,12548724,,,,,,12 548 724,,,EN,2025-12-19T00:00:00.000Z
MALARIA_RDT_POS,Number of malaria positive cases by rapid diagnostic test (RDT),numeric,AFR,Africa,Country,COM,Comoros,Year,2020,false,,,,,,,,,,,,,1207,,,,,,1207,,,EN,2025-12-19T00:00:00.000Z
MALARIA_RDT_POS,Number of malaria positive cases by rapid diagnostic test (RDT),numeric,SEAR,South-East Asia,Country,IND,India,Year,2020,false,,,,,,,,,,,,,121064,,,,,,121 064,,,EN,2025-12-19T00:00:00.000Z
MALARIA_RDT_POS,Number of malaria positive cases by rapid diagnostic test (RDT),numeric,AFR,Africa,Country,NAM,Namibia,Year,2020,false,,,,,,,,,,,,,13636,,,,,,13 636,,,EN,2025-12-19T00:00:00.000Z
MALARIA_RDT_POS,Number of malaria positive cases by rapid diagnostic test (RDT),numeric,AFR,Africa,Country,NGA,Nigeria,Year,2020,false,,,,,,,,,,,,,16013077,,,,,,16 013 077,,,EN,2025-12-19T00:00:00.000Z
MALARIA_RDT_POS,Number of malaria positive cases by rapid diagnostic test (RDT),numeric,AMR,Americas,Country,BRA,Brazil,Year,2020,false,,,,,,,,,,,,,17785,,,,,,17 785,,,EN,2025-12-19T00:00:00.000Z
MALARIA_RDT_POS,Number of malaria positive cases by rapid diagnostic test (RDT),numeric,AFR,Africa,Country,SSD,South Sudan,Year,2020,false,,,,,,,,,,,,,192095,,,,,,192 095,,,EN,2025-12-19T00:00:00.000Z
MALARIA_RDT_POS,Number of malaria positive cases by rapid diagnostic test (RDT),numeric,AFR,Africa,Country,KEN,Kenya,Year,2020,false,,,,,,,,,,,,,2012522,,,,,,2 012 522,,,EN,2025-12-19T00:00:00.000Z
MALARIA_RDT_POS,Number of malaria positive cases by rapid diagnostic test (RDT),numeric,AFR,Africa,Country,MLI,Mali,Year,2020,false,,,,,,,,,,,,,2124511,,,,,,2 124 511,,,EN,2025-12-19T00:00:00.000Z
MALARIA_RDT_POS,Number of malaria positive cases by rapid diagnostic test (RDT),numeric,AFR,Africa,Country,BEN,Benin,Year,2020,false,,,,,,,,,,,,,2273871,,,,,,2 273 871,,,EN,2025-12-19T00:00:00.000Z
MALARIA_RDT_POS,Number of malaria positive cases by rapid diagnostic test (RDT),numeric,AFR,Africa,Country,GAB,Gabon,Year,2020,false,,,,,,,,,,,,,20310,,,,,,20 310,,,EN,2025-12-19T00:00:00.000Z
MALARIA_RDT_POS,Number of malaria positive cases by rapid diagnostic test (RDT),numeric,AFR,Africa,Country,SWZ,Eswatini,Year,2020,false,,,,,,,,,,,,,204,,,,,,204,,,EN,2025-12-19T00:00:00.000Z
MALARIA_RDT_POS,Number of malaria positive cases by rapid diagnostic test (RDT),numeric,AFR,Africa,Country,COD,Democratic Republic of the Congo,Year,2020,false,,,,,,,,,,,,,21376223,,,,,,21 376 223,,,EN,2025-12-19T00:00:00.000Z
MALARIA_RDT_POS,Number of malaria positive cases by rapid diagnostic test (RDT),numeric,AMR,Americas,Country,HTI,Haiti,Year,2020,false,,,,,,,,,,,,,21541,,,,,,21 541,,,EN,2025-12-19T00:00:00.000Z
MALARIA_RDT_POS,Number of malaria positive cases by rapid diagnostic test (RDT),numeric,AMR,Americas,Country,PAN,Panama,Year,2020,false,,,,,,,,,,,,,2109,,,,,,2109,,,EN,2025-12-19T00:00:00.000Z
MALARIA_RDT_POS,Number of malaria positive cases by rapid diagnostic test (RDT),numeric,AMR,Americas,Country,DOM,Dominican Republic,Year,2020,false,,,,,,,,,,,,,241,,,,,,241,,,EN,2025-12-19T00:00:00.000Z
MALARIA_RDT_POS,Number of malaria positive cases by rapid diagnostic test (RDT),numeric,EMR,Eastern Mediterranean,Country,SOM,Somalia,Year,2020,false,,,,,,,,,,,,,27333,,,,,,27 333,,,EN,2025-12-19T00:00:00.000Z
MALARIA_RDT_POS,Number of malaria positive cases by rapid diagnostic test (RDT),numeric,EMR,Eastern Mediterranean,Country,PAK,Pakistan,Year,2020,false,,,,,,,,,,,,,287969,,,,,,287 969,,,EN,2025-12-19T00:00:00.000Z
MALARIA_RDT_POS,Number of malaria positive cases by rapid diagnostic test (RDT),numeric,AMR,Americas,Country,GTM,Guatemala,Year,2020,false,,,,,,,,,,,,,292,,,,,,292,,,EN,2025-12-19T00:00:00.000Z
MALARIA_RDT_POS,Number of malaria positive cases by rapid diagnostic test (RDT),numeric,SEAR,South-East Asia,Country,TLS,Timor-Leste,Year,2020,false,,,,,,,,,,,,,3,,,,,,3,,,EN,2025-12-19T00:00:00.000Z
MALARIA_RDT_POS,Number of malaria positive cases by rapid diagnostic test (RDT),numeric,AFR,Africa,Country,BDI,Burundi,Year,2020,false,,,,,,,,,,,,,3963662,,,,,,3 963 662,,,EN,2025-12-19T00:00:00.000Z
MALARIA_RDT_POS,Number of malaria positive cases by rapid diagnostic test (RDT),numeric,WPR,Western Pacific,Country,LAO,Lao People's Democratic Republic,Year,2020,false,,,,,,,,,,,,,3201,,,,,,3201,,,EN,2025-12-19T00:00:00.000Z
MALARIA_RDT_POS,Number of malaria positive cases by rapid diagnostic test (RDT),numeric,EMR,Eastern Mediterranean,Country,SAU,Saudi Arabia,Year,2020,false,,,,,,,,,,,,,3205,,,,,,3205,,,EN,2025-12-19T00:00:00.000Z
MALARIA_RDT_POS,Number of malaria positive cases by rapid diagnostic test (RDT),numeric,AMR,Americas,Country,GUF,French Guiana,Year,2020,false,,,,,,,,,,,,,34,,,,,,34,,,EN,2025-12-19T00:00:00.000Z
MALARIA_RDT_POS,Number of malaria positive cases by rapid diagnostic test (RDT),numeric,AFR,Africa,Country,COG,Congo,Year,2020,false,,,,,,,,,,,,,36190,,,,,,36 190,,,EN,2025-12-19T00:00:00.000Z
MALARIA_RDT_POS,Number of malaria positive cases by rapid diagnostic test (RDT),numeric,AMR,Americas,Country,BOL,Bolivia (Plurinational State of),Year,2020,false,,,,,,,,,,,,,3680,,,,,,3680,,,EN,2025-12-19T00:00:00.000Z
MALARIA_RDT_POS,Number of malaria positive cases by rapid diagnostic test (RDT),numeric,AMR,Americas,Country,ECU,Ecuador,Year,2020,false,,,,,,,,,,,,,383,,,,,,383,,,EN,2025-12-19T00:00:00.000Z
MALARIA_RDT_POS,Number of malaria positive cases by rapid diagnostic test (RDT),numeric,WPR,Western Pacific,Country,KOR,Republic of Korea,Year,2020,false,,,,,,,,,,,,,4,,,,,,4,,,EN,2025-12-19T00:00:00.000Z
MALARIA_RDT_POS,Number of malaria positive cases by rapid diagnostic test (RDT),numeric,AFR,Africa,Country,GHA,Ghana,Year,2020,false,,,,,,,,,,,,,4046554,,,,,,4 046 554,,,EN,2025-12-19T00:00:00.000Z
MALARIA_RDT_POS,Number of malaria positive cases by rapid diagnostic test (RDT),numeric,AFR,Africa,Country,CIV,Cote d'Ivoire,Year,2020,false,,,,,,,,,,,,,4048013,,,,,,4 048 013,,,EN,2025-12-19T00:00:00.000Z
MALARIA_RDT_POS,Number of malaria positive cases by rapid diagnostic test (RDT),numeric,AFR,Africa,Country,NER,Niger,Year,2020,false,,,,,,,,,,,,,4154337,,,,,,4 154 337,,,EN,2025-12-19T00:00:00.000Z
MALARIA_RDT_POS,Number of malaria positive cases by rapid diagnostic test (RDT),numeric,AFR,Africa,Country,AGO,Angola,Year,2020,false,,,,,,,,,,,,,4983908,,,,,,4 983 908,,,EN,2025-12-19T00:00:00.000Z
MALARIA_RDT_POS,Number of malaria positive cases by rapid diagnostic test (RDT),numeric,AFR,Africa,Country,STP,Sao Tome and Principe,Year,2020,false,,,,,,,,,,,,,400,,,,,,400,,,EN,2025-12-19T00:00:00.000Z
MALARIA_RDT_POS,Number of malaria positive cases by rapid diagnostic test (RDT),numeric,SEAR,South-East Asia,Country,NPL,Nepal,Year,2020,false,,,,,,,,,,,,,401,,,,,,401,,,EN,2025-12-19T00:00:00.000Z
MALARIA_RDT_POS,Number of malaria positive cases by rapid diagnostic test (RDT),numeric,EMR,Eastern Mediterranean,Country,SDN,Sudan,Year,2020,false,,,,,,,,,,,,,435553,,,,,,435 553,,,EN,2025-12-19T00:00:00.000Z
MALARIA_RDT_POS,Number of malaria positive cases by rapid diagnostic test (RDT),numeric,AFR,Africa,Country,SEN,Senegal,Year,2020,false,,,,,,,,,,,,,441432,,,,,,441 432,,,EN,2025-12-19T00:00:00.000Z
MALARIA_RDT_POS,Number of malaria positive cases by rapid diagnostic test (RDT),numeric,AFR,Africa,Country,ZWE,Zimbabwe,Year,2020,false,,,,,,,,,,,,,447381,,,,,,447 381,,,EN,2025-12-19T00:00:00.000Z
MALARIA_RDT_POS,Number of malaria positive cases by rapid diagnostic test (RDT),numeric,WPR,Western Pacific,Country,VUT,Vanuatu,Year,2020,false,,,,,,,,,,,,,485,,,,,,485,,,EN,2025-12-19T00:00:00.000Z
MALARIA_RDT_POS,Number of malaria positive cases by rapid diagnostic test (RDT),numeric,WPR,Western Pacific,Country,PHL,Philippines,Year,2020,false,,,,,,,,,,,,,4891,,,,,,4891,,,EN,2025-12-19T00:00:00.000Z
MALARIA_RDT_POS,Number of malaria positive cases by rapid diagnostic test (RDT),numeric,AFR,Africa,Country,TZA,United Republic of Tanzania,Year,2020,false,,,,,,,,,,,,,5681861,,,,,,5 681 861,,,EN,2025-12-19T00:00:00.000Z
MALARIA_RDT_POS,Number of malaria positive cases by rapid diagnostic test (RDT),numeric,EMR,Eastern Mediterranean,Country,IRN,Iran (Islamic Republic of),Year,2020,false,,,,,,,,,,,,,516,,,,,,516,,,EN,2025-12-19T00:00:00.000Z
MALARIA_RDT_POS,Number of malaria positive cases by rapid diagnostic test (RDT),numeric,AMR,Americas,Country,COL,Colombia,Year,2020,false,,,,,,,,,,,,,5284,,,,,,5284,,,EN,2025-12-19T00:00:00.000Z
MALARIA_RDT_POS,Number of malaria positive cases by rapid diagnostic test (RDT),numeric,AFR,Africa,Country,GMB,Gambia,Year,2020,false,,,,,,,,,,,,,53575,,,,,,53 575,,,EN,2025-12-19T00:00:00.000Z
MALARIA_RDT_POS,Number of malaria positive cases by rapid diagnostic test (RDT),numeric,AMR,Americas,Country,HND,Honduras,Year,2020,false,,,,,,,,,,,,,539,,,,,,539,,,EN,2025-12-19T00:00:00.000Z
MALARIA_RDT_POS,Number of malaria positive cases by rapid diagnostic test (RDT),numeric,AFR,Africa,Country,ERI,Eritrea,Year,2020,false,,,,,,,,,,,,,56105,,,,,,56 105,,,EN,2025-12-19T00:00:00.000Z
MALARIA_RDT_POS,Number of malaria positive cases by rapid diagnostic test (RDT),numeric,SEAR,South-East Asia,Country,MMR,Myanmar,Year,2020,false,,,,,,,,,,,,,57009,,,,,,57 009,,,EN,2025-12-19T00:00:00.000Z
MALARIA_RDT_POS,Number of malaria positive cases by rapid diagnostic test (RDT),numeric,WPR,Western Pacific,Country,SLB,Solomon Islands,Year,2020,false,,,,,,,,,,,,,58016,,,,,,58 016,,,EN,2025-12-19T00:00:00.000Z
MALARIA_RDT_POS,Number of malaria positive cases by rapid diagnostic test (RDT),numeric,SEAR,South-East Asia,Country,BGD,Bangladesh,Year,2020,false,,,,,,,,,,,,,5868,,,,,,5868,,,EN,2025-12-19T00:00:00.000Z
MALARIA_RDT_POS,Number of malaria positive cases by rapid diagnostic test (RDT),numeric,AMR,Americas,Country,SUR,Suriname,Year,2020,false,,,,,,,,,,,,,6,,,,,,6,,,EN,2025-12-19T00:00:00.000Z
MALARIA_RDT_POS,Number of malaria positive cases by rapid diagnostic test (RDT),numeric,WPR,Western Pacific,Country,IDN,Indonesia,Year,2020,false,,,,,,,,,,,,,61286,,,,,,61 286,,,EN,2025-12-19T00:00:00.000Z
MALARIA_RDT_POS,Number of malaria positive cases by rapid diagnostic test (RDT),numeric,AFR,Africa,Country,SLE,Sierra Leone,Year,2020,false,,,,,,,,,,,,,654005,,,,,,654 005,,,EN,2025-12-19T00:00:00.000Z
MALARIA_RDT_POS,Number of malaria positive cases by rapid diagnostic test (RDT),numeric,SEAR,South-East Asia,Country,PRK,Democratic People's Republic of Korea,Year,2020,false,,,,,,,,,,,,,657,,,,,,657,,,EN,2025-12-19T00:00:00.000Z
MALARIA_RDT_POS,Number of malaria positive cases by rapid diagnostic test (RDT),numeric,EMR,Eastern Mediterranean,Country,AFG,Afghanistan,Year,2020,false,,,,,,,,,,,,,66372,,,,,,66 372,,,EN,2025-12-19T00:00:00.000Z
MALARIA_RDT_POS,Number of malaria positive cases by rapid diagnostic test (RDT),numeric,EMR,Eastern Mediterranean,Country,YEM,Yemen,Year,2020,false,,,,,,,,,,,,,67058,,,,,,67 058,,,EN,2025-12-19T00:00:00.000Z
MALARIA_RDT_POS,Number of malaria positive cases by rapid diagnostic test (RDT),numeric,AMR,Americas,Country,NIC,Nicaragua,Year,2020,false,,,,,,,,,,,,,6731,,,,,,6731,,,EN,2025-12-19T00:00:00.000Z
MALARIA_RDT_POS,Number of malaria positive cases by rapid diagnostic test (RDT),numeric,AMR,Americas,Country,VEN,Venezuela (Bolivarian Republic of),Year,2020,false,,,,,,,,,,,,,69884,,,,,,69 884,,,EN,2025-12-19T00:00:00.000Z
MALARIA_RDT_POS,Number of malaria positive cases by rapid diagnostic test (RDT),numeric,AFR,Africa,Country,MWI,Malawi,Year,2020,false,,,,,,,,,,,,,7057864,,,,,,7 057 864,,,EN,2025-12-19T00:00:00.000Z
MALARIA_RDT_POS,Number of malaria positive cases by rapid diagnostic test (RDT),numeric,AFR,Africa,Country,ZMB,Zambia,Year,2020,false,,,,,,,,,,,,,7992924,,,,,,7 992 924,,,EN,2025-12-19T00:00:00.000Z
MALARIA_RDT_POS,Number of malaria positive cases by rapid diagnostic test (RDT),numeric,WPR,Western Pacific,Country,PNG,Papua New Guinea,Year,2020,false,,,,,,,,,,,,,723329,,,,,,723 329,,,EN,2025-12-19T00:00:00.000Z
MALARIA_RDT_POS,Number of malaria positive cases by rapid diagnostic test (RDT),numeric,EMR,Eastern Mediterranean,Country,DJI,Djibouti,Year,2020,false,,,,,,,,,,,,,73535,,,,,,73 535,,,EN,2025-12-19T00:00:00.000Z
MALARIA_RDT_POS,Number of malaria positive cases by rapid diagnostic test (RDT),numeric,SEAR,South-East Asia,Country,BTN,Bhutan,Year,2020,false,,,,,,,,,,,,,8,,,,,,8,,,EN,2025-12-19T00:00:00.000Z
MALARIA_RDT_POS,Number of malaria positive cases by rapid diagnostic test (RDT),numeric,AFR,Africa,Country,ZAF,South Africa,Year,2020,false,,,,,,,,,,,,,8126,,,,,,8126,,,EN,2025-12-19T00:00:00.000Z
MALARIA_RDT_POS,Number of malaria positive cases by rapid diagnostic test (RDT),numeric,WPR,Western Pacific,Country,KHM,Cambodia,Year,2020,false,,,,,,,,,,,,,9271,,,,,,9271,,,EN,2025-12-19T00:00:00.000Z
MALARIA_RDT_POS,Number of malaria positive cases by rapid diagnostic test (RDT),numeric,AMR,Americas,Country,CRI,Costa Rica,Year,2020,false,,,,,,,,,,,,,93,,,,,,93,,,EN,2025-12-19T00:00:00.000Z
MALARIA_RDT_POS,Number of malaria positive cases by rapid diagnostic test (RDT),numeric,AFR,Africa,Country,BWA,Botswana,Year,2020,false,,,,,,,,,,,,,953,,,,,,953,,,EN,2025-12-19T00:00:00.000Z
MALARIA_RDT_POS,Number of malaria positive cases by rapid diagnostic test (RDT),numeric,EUR,Europe,Country,KAZ,Kazakhstan,Year,2019,false,,,,,,,,,,,,,0,,,,,,0,,,EN,2025-12-19T00:00:00.000Z
MALARIA_RDT_POS,Number of malaria positive cases by rapid diagnostic test (RDT),numeric,AMR,Americas,Country,PRY,Paraguay,Year,2019,false,,,,,,,,,,,,,1,,,,,,1,,,EN,2025-12-19T00:00:00.000Z
MALARIA_RDT_POS,Number of malaria positive cases by rapid diagnostic test (RDT),numeric,AFR,Africa,Country,TCD,Chad,Year,2019,false,,,,,,,,,,,,,1480402,,,,,,1 480 402,,,EN,2025-12-19T00:00:00.000Z
MALARIA_RDT_POS,Number of malaria positive cases by rapid diagnostic test (RDT),numeric,AFR,Africa,Country,CMR,Cameroon,Year,2019,false,,,,,,,,,,,,,1722188,,,,,,1 722 188,,,EN,2025-12-19T00:00:00.000Z
MALARIA_RDT_POS,Number of malaria positive cases by rapid diagnostic test (RDT),numeric,AFR,Africa,Country,SSD,South Sudan,Year,2019,false,,,,,,,,,,,,,1902505,,,,,,1 902 505,,,EN,2025-12-19T00:00:00.000Z
MALARIA_RDT_POS,Number of malaria positive cases by rapid diagnostic test (RDT),numeric,AMR,Americas,Country,BRA,Brazil,Year,2019,false,,,,,,,,,,,,,10586,,,,,,10 586,,,EN,2025-12-19T00:00:00.000Z
MALARIA_RDT_POS,Number of malaria positive cases by rapid diagnostic test (RDT),numeric,EMR,Eastern Mediterranean,Country,AFG,Afghanistan,Year,2019,false,,,,,,,,,,,,,102471,,,,,,102 471,,,EN,2025-12-19T00:00:00.000Z
MALARIA_RDT_POS,Number of malaria positive cases by rapid diagnostic test (RDT),numeric,EMR,Eastern Mediterranean,Country,IRN,Iran (Islamic Republic of),Year,2019,false,,,,,,,,,,,,,1089,,,,,,1089,,,EN,2025-12-19T00:00:00.000Z
MALARIA_RDT_POS,Number of malaria positive cases by rapid diagnostic test (RDT),numeric,AFR,Africa,Country,GNQ,Equatorial Guinea,Year,2019,false,,,,,,,,,,,,,11117,,,,,,11 117,,,EN,2025-12-19T00:00:00.000Z
MALARIA_RDT_POS,Number of malaria positive cases by rapid diagnostic test (RDT),numeric,AFR,Africa,Country,MOZ,Mozambique,Year,2019,false,,,,,,,,,,,,,11126910,,,,,,11 126 910,,,EN,2025-12-19T00:00:00.000Z
MALARIA_RDT_POS,Number of malaria positive cases by rapid diagnostic test (RDT),numeric,AFR,Africa,Country,GNB,Guinea-Bissau,Year,2019,false,,,,,,,,,,,,,115232,,,,,,115 232,,,EN,2025-12-19T00:00:00.000Z
MALARIA_RDT_POS,Number of malaria positive cases by rapid diagnostic test (RDT),numeric,AFR,Africa,Country,UGA,Uganda,Year,2019,false,,,,,,,,,,,,,12359786,,,,,,12 359 786,,,EN,2025-12-19T00:00:00.000Z
MALARIA_RDT_POS,Number of malaria positive cases by rapid diagnostic test (RDT),numeric,AMR,Americas,Country,BOL,Bolivia (Plurinational State of),Year,2019,false,,,,,,,,,,,,,1239,,,,,,1239,,,EN,2025-12-19T00:00:00.000Z
MALARIA_RDT_POS,Number of malaria positive cases by rapid diagnostic test (RDT),numeric,SEAR,South-East Asia,Country,THA,Thailand,Year,2019,false,,,,,,,,,,,,,1251,,,,,,1251,,,EN,2025-12-19T00:00:00.000Z
MALARIA_RDT_POS,Number of malaria positive cases by rapid diagnostic test (RDT),numeric,AFR,Africa,Country,ZAF,South Africa,Year,2019,false,,,,,,,,,,,,,13356,,,,,,13 356,,,EN,2025-12-19T00:00:00.000Z
MALARIA_RDT_POS,Number of malaria positive cases by rapid diagnostic test (RDT),numeric,AMR,Americas,Country,GTM,Guatemala,Year,2019,false,,,,,,,,,,,,,1309,,,,,,1309,,,EN,2025-12-19T00:00:00.000Z
MALARIA_RDT_POS,Number of malaria positive cases by rapid diagnostic test (RDT),numeric,AMR,Americas,Country,DOM,Dominican Republic,Year,2019,false,,,,,,,,,,,,,1313,,,,,,1313,,,EN,2025-12-19T00:00:00.000Z
MALARIA_RDT_POS,Number of malaria positive cases by rapid diagnostic test (RDT),numeric,AFR,Africa,Country,MRT,Mauritania,Year,2019,false,,,,,,,,,,,,,14869,,,,,,14 869,,,EN,2025-12-19T00:00:00.000Z
MALARIA_RDT_POS,Number of malaria positive cases by rapid diagnostic test (RDT),numeric,SEAR,South-East Asia,Country,BGD,Bangladesh,Year,2019,false,,,,,,,,,,,,,15914,,,,,,15 914,,,EN,2025-12-19T00:00:00.000Z
MALARIA_RDT_POS,Number of malaria positive cases by rapid diagnostic test (RDT),numeric,AFR,Africa,Country,NGA,Nigeria,Year,2019,false,,,,,,,,,,,,,17330401,,,,,,17 330 401,,,EN,2025-12-19T00:00:00.000Z
MALARIA_RDT_POS,Number of malaria positive cases by rapid diagnostic test (RDT),numeric,AMR,Americas,Country,HND,Honduras,Year,2019,false,,,,,,,,,,,,,193,,,,,,193,,,EN,2025-12-19T00:00:00.000Z
MALARIA_RDT_POS,Number of malaria positive cases by rapid diagnostic test (RDT),numeric,SEAR,South-East Asia,Country,LKA,Sri Lanka,Year,2019,false,,,,,,,,,,,,,2,,,,,,2,,,EN,2025-12-19T00:00:00.000Z
MALARIA_RDT_POS,Number of malaria positive cases by rapid diagnostic test (RDT),numeric,AFR,Africa,Country,GIN,Guinea,Year,2019,false,,,,,,,,,,,,,2030259,,,,,,2 030 259,,,EN,2025-12-19T00:00:00.000Z
MALARIA_RDT_POS,Number of malaria positive cases by rapid diagnostic test (RDT),numeric,AFR,Africa,Country,TGO,Togo,Year,2019,false,,,,,,,,,,,,,2136565,,,,,,2 136 565,,,EN,2025-12-19T00:00:00.000Z
MALARIA_RDT_POS,Number of malaria positive cases by rapid diagnostic test (RDT),numeric,AFR,Africa,Country,CAF,Central African Republic,Year,2019,false,,,,,,,,,,,,,2220547,,,,,,2 220 547,,,EN,2025-12-19T00:00:00.000Z
MALARIA_RDT_POS,Number of malaria positive cases by rapid diagnostic test (RDT),numeric,AFR,Africa,Country,SLE,Sierra Leone,Year,2019,false,,,,,,,,,,,,,2372450,,,,,,2 372 450,,,EN,2025-12-19T00:00:00.000Z
MALARIA_RDT_POS,Number of malaria positive cases by rapid diagnostic test (RDT),numeric,AFR,Africa,Country,RWA,Rwanda,Year,2019,false,,,,,,,,,,,,,2468060,,,,,,2 468 060,,,EN,2025-12-19T00:00:00.000Z
MALARIA_RDT_POS,Number of malaria positive cases by rapid diagnostic test (RDT),numeric,AFR,Africa,Country,BEN,Benin,Year,2019,false,,,,,,,,,,,,,2601360,,,,,,2 601 360,,,EN,2025-12-19T00:00:00.000Z
MALARIA_RDT_POS,Number of malaria positive cases by rapid diagnostic test (RDT),numeric,AFR,Africa,Country,MLI,Mali,Year,2019,false,,,,,,,,,,,,,2753524,,,,,,2 753 524,,,EN,2025-12-19T00:00:00.000Z
MALARIA_RDT_POS,Number of malaria positive cases by rapid diagnostic test (RDT),numeric,AFR,Africa,Country,COD,Democratic Republic of the Congo,Year,2019,false,,,,,,,,,,,,,20480310,,,,,,20 480 310,,,EN,2025-12-19T00:00:00.000Z
MALARIA_RDT_POS,Number of malaria positive cases by rapid diagnostic test (RDT),numeric,AFR,Africa,Country,COM,Comoros,Year,2019,false,,,,,,,,,,,,,20535,,,,,,20 535,,,EN,2025-12-19T00:00:00.000Z
MALARIA_RDT_POS,Number of malaria positive cases by rapid diagnostic test (RDT),numeric,SEAR,South-East Asia,Country,IND,India,Year,2019,false,,,,,,,,,,,,,205744,,,,,,205 744,,,EN,2025-12-19T00:00:00.000Z
MALARIA_RDT_POS,Number of malaria positive cases by rapid diagnostic test (RDT),numeric,AFR,Africa,Country,GAB,Gabon,Year,2019,false,,,,,,,,,,,,,21998,,,,,,21 998,,,EN,2025-12-19T00:00:00.000Z
MALARIA_RDT_POS,Number of malaria positive cases by rapid diagnostic test (RDT),numeric,AFR,Africa,Country,STP,Sao Tome and Principe,Year,2019,false,,,,,,,,,,,,,2151,,,,,,2151,,,EN,2025-12-19T00:00:00.000Z
MALARIA_RDT_POS,Number of malaria positive cases by rapid diagnostic test (RDT),numeric,EMR,Eastern Mediterranean,Country,SAU,Saudi Arabia,Year,2019,false,,,,,,,,,,,,,2152,,,,,,2152,,,EN,2025-12-19T00:00:00.000Z
MALARIA_RDT_POS,Number of malaria positive cases by rapid diagnostic test (RDT),numeric,AFR,Africa,Country,BWA,Botswana,Year,2019,false,,,,,,,,,,,,,272,,,,,,272,,,EN,2025-12-19T00:00:00.000Z
MALARIA_RDT_POS,Number of malaria positive cases by rapid diagnostic test (RDT),numeric,EMR,Eastern Mediterranean,Country,PAK,Pakistan,Year,2019,false,,,,,,,,,,,,,287729,,,,,,287 729,,,EN,2025-12-19T00:00:00.000Z
MALARIA_RDT_POS,Number of malaria positive cases by rapid diagnostic test (RDT),numeric,WPR,Western Pacific,Country,KHM,Cambodia,Year,2019,false,,,,,,,,,,,,,29562,,,,,,29 562,,,EN,2025-12-19T00:00:00.000Z
MALARIA_RDT_POS,Number of malaria positive cases by rapid diagnostic test (RDT),numeric,AMR,Americas,Country,MEX,Mexico,Year,2019,false,,,,,,,,,,,,,3,,,,,,3,,,EN,2025-12-19T00:00:00.000Z
MALARIA_RDT_POS,Number of malaria positive cases by rapid diagnostic test (RDT),numeric,AFR,Africa,Country,NER,Niger,Year,2019,false,,,,,,,,,,,,,3559668,,,,,,3 559 668,,,EN,2025-12-19T00:00:00.000Z
MALARIA_RDT_POS,Number of malaria positive cases by rapid diagnostic test (RDT),numeric,AFR,Africa,Country,ZWE,Zimbabwe,Year,2019,false,,,,,,,,,,,,,308173,,,,,,308 173,,,EN,2025-12-19T00:00:00.000Z
MALARIA_RDT_POS,Number of malaria positive cases by rapid diagnostic test (RDT),numeric,WPR,Western Pacific,Country,VNM,Viet Nam,Year,2019,false,,,,,,,,,,,,,3243,,,,,,3243,,,EN,2025-12-19T00:00:00.000Z
MALARIA_RDT_POS,Number of malaria positive cases by rapid diagnostic test (RDT),numeric,AMR,Americas,Country,GUF,French Guiana,Year,2019,false,,,,,,,,,,,,,34,,,,,,34,,,EN,2025-12-19T00:00:00.000Z
MALARIA_RDT_POS,Number of malaria positive cases by rapid diagnostic test (RDT),numeric,AFR,Africa,Country,NAM,Namibia,Year,2019,false,,,,,,,,,,,,,3404,,,,,,3404,,,EN,2025-12-19T00:00:00.000Z
MALARIA_RDT_POS,Number of malaria positive cases by rapid diagnostic test (RDT),numeric,EMR,Eastern Mediterranean,Country,SDN,Sudan,Year,2019,false,,,,,,,,,,,,,343769,,,,,,343 769,,,EN,2025-12-19T00:00:00.000Z
MALARIA_RDT_POS,Number of malaria positive cases by rapid diagnostic test (RDT),numeric,AFR,Africa,Country,SEN,Senegal,Year,2019,false,,,,,,,,,,,,,352212,,,,,,352 212,,,EN,2025-12-19T00:00:00.000Z
MALARIA_RDT_POS,Number of malaria positive cases by rapid diagnostic test (RDT),numeric,AFR,Africa,Country,KEN,Kenya,Year,2019,false,,,,,,,,,,,,,362687,,,,,,362 687,,,EN,2025-12-19T00:00:00.000Z
MALARIA_RDT_POS,Number of malaria positive cases by rapid diagnostic test (RDT),numeric,SEAR,South-East Asia,Country,BTN,Bhutan,Year,2019,false,,,,,,,,,,,,,37,,,,,,37,,,EN,2025-12-19T00:00:00.000Z
MALARIA_RDT_POS,Number of malaria positive cases by rapid diagnostic test (RDT),numeric,WPR,Western Pacific,Country,IDN,Indonesia,Year,2019,false,,,,,,,,,,,,,37649,,,,,,37 649,,,EN,2025-12-19T00:00:00.000Z
MALARIA_RDT_POS,Number of malaria positive cases by rapid diagnostic test (RDT),numeric,AMR,Americas,Country,COL,Colombia,Year,2019,false,,,,,,,,,,,,,3703,,,,,,3703,,,EN,2025-12-19T00:00:00.000Z
MALARIA_RDT_POS,Number of malaria positive cases by rapid diagnostic test (RDT),numeric,AFR,Africa,Country,SWZ,Eswatini,Year,2019,false,,,,,,,,,,,,,382,,,,,,382,,,EN,2025-12-19T00:00:00.000Z
MALARIA_RDT_POS,Number of malaria positive cases by rapid diagnostic test (RDT),numeric,AMR,Americas,Country,PAN,Panama,Year,2019,false,,,,,,,,,,,,,388,,,,,,388,,,EN,2025-12-19T00:00:00.000Z
MALARIA_RDT_POS,Number of malaria positive cases by rapid diagnostic test (RDT),numeric,EMR,Eastern Mediterranean,Country,SOM,Somalia,Year,2019,false,,,,,,,,,,,,,39687,,,,,,39 687,,,EN,2025-12-19T00:00:00.000Z
MALARIA_RDT_POS,Number of malaria positive cases by rapid diagnostic test (RDT),numeric,AFR,Africa,Country,AGO,Angola,Year,2019,false,,,,,,,,,,,,,4497593,,,,,,4 497 593,,,EN,2025-12-19T00:00:00.000Z
MALARIA_RDT_POS,Number of malaria positive cases by rapid diagnostic test (RDT),numeric,AFR,Africa,Country,GHA,Ghana,Year,2019,false,,,,,,,,,,,,,4954841,,,,,,4 954 841,,,EN,2025-12-19T00:00:00.000Z
MALARIA_RDT_POS,Number of malaria positive cases by rapid diagnostic test (RDT),numeric,AFR,Africa,Country,CPV,Cabo Verde,Year,2019,false,,,,,,,,,,,,,40,,,,,,40,,,EN,2025-12-19T00:00:00.000Z
MALARIA_RDT_POS,Number of malaria positive cases by rapid diagnostic test (RDT),numeric,AFR,Africa,Country,GMB,Gambia,Year,2019,false,,,,,,,,,,,,,42404,,,,,,42 404,,,EN,2025-12-19T00:00:00.000Z
MALARIA_RDT_POS,Number of malaria positive cases by rapid diagnostic test (RDT),numeric,WPR,Western Pacific,Country,PHL,Philippines,Year,2019,false,,,,,,,,,,,,,4408,,,,,,4408,,,EN,2025-12-19T00:00:00.000Z
MALARIA_RDT_POS,Number of malaria positive cases by rapid diagnostic test (RDT),numeric,AMR,Americas,Country,ECU,Ecuador,Year,2019,false,,,,,,,,,,,,,481,,,,,,481,,,EN,2025-12-19T00:00:00.000Z
MALARIA_RDT_POS,Number of malaria positive cases by rapid diagnostic test (RDT),numeric,EMR,Eastern Mediterranean,Country,DJI,Djibouti,Year,2019,false,,,,,,,,,,,,,49402,,,,,,49 402,,,EN,2025-12-19T00:00:00.000Z
MALARIA_RDT_POS,Number of malaria positive cases by rapid diagnostic test (RDT),numeric,AMR,Americas,Country,GUY,Guyana,Year,2019,false,,,,,,,,,,,,,4986,,,,,,4986,,,EN,2025-12-19T00:00:00.000Z
MALARIA_RDT_POS,Number of malaria positive cases by rapid diagnostic test (RDT),numeric,AFR,Africa,Country,CIV,Cote d'Ivoire,Year,2019,false,,,,,,,,,,,,,5016807,,,,,,5 016 807,,,EN,2025-12-19T00:00:00.000Z
MALARIA_RDT_POS,Number of malaria positive cases by rapid diagnostic test (RDT),numeric,AFR,Africa,Country,ZMB,Zambia,Year,2019,false,,,,,,,,,,,,,5068876,,,,,,5 068 876,,,EN,2025-12-19T00:00:00.000Z
MALARIA_RDT_POS,Number of malaria positive cases by rapid diagnostic test (RDT),numeric,AFR,Africa,Country,MWI,Malawi,Year,2019,false,,,,,,,,,,,,,5153779,,,,,,5 153 779,,,EN,2025-12-19T00:00:00.000Z
MALARIA_RDT_POS,Number of malaria positive cases by rapid diagnostic test (RDT),numeric,AFR,Africa,Country,TZA,United Republic of Tanzania,Year,2019,false,,,,,,,,,,,,,5546911,,,,,,5 546 911,,,EN,2025-12-19T00:00:00.000Z
MALARIA_RDT_POS,Number of malaria positive cases by rapid diagnostic test (RDT),numeric,AFR,Africa,Country,BFA,Burkina Faso,Year,2019,false,,,,,,,,,,,,,5824844,,,,,,5 824 844,,,EN,2025-12-19T00:00:00.000Z
MALARIA_RDT_POS,Number of malaria positive cases by rapid diagnostic test (RDT),numeric,WPR,Western Pacific,Country,SLB,Solomon Islands,Year,2019,false,,,,,,,,,,,,,54528,,,,,,54 528,,,EN,2025-12-19T00:00:00.000Z
MALARIA_RDT_POS,Number of malaria positive cases by rapid diagnostic test (RDT),numeric,SEAR,South-East Asia,Country,MMR,Myanmar,Year,2019,false,,,,,,,,,,,,,55590,,,,,,55 590,,,EN,2025-12-19T00:00:00.000Z
MALARIA_RDT_POS,Number of malaria positive cases by rapid diagnostic test (RDT),numeric,WPR,Western Pacific,Country,VUT,Vanuatu,Year,2019,false,,,,,,,,,,,,,550,,,,,,550,,,EN,2025-12-19T00:00:00.000Z
MALARIA_RDT_POS,Number of malaria positive cases by rapid diagnostic test (RDT),numeric,WPR,Western Pacific,Country,LAO,Lao People's Democratic Republic,Year,2019,false,,,,,,,,,,,,,5794,,,,,,5794,,,EN,2025-12-19T00:00:00.000Z
MALARIA_RDT_POS,Number of malaria positive cases by rapid diagnostic test (RDT),numeric,AFR,Africa,Country,LBR,Liberia,Year,2019,false,,,,,,,,,,,,,590187,,,,,,590 187,,,EN,2025-12-19T00:00:00.000Z
MALARIA_RDT_POS,Number of malaria positive cases by rapid diagnostic test (RDT),numeric,AMR,Americas,Country,SUR,Suriname,Year,2019,false,,,,,,,,,,,,,6,,,,,,6,,,EN,2025-12-19T00:00:00.000Z
MALARIA_RDT_POS,Number of malaria positive cases by rapid diagnostic test (RDT),numeric,WPR,Western Pacific,Country,PNG,Papua New Guinea,Year,2019,false,,,,,,,,,,,,,606964,,,,,,606 964,,,EN,2025-12-19T00:00:00.000Z
MALARIA_RDT_POS,Number of malaria positive cases by rapid diagnostic test (RDT),numeric,SEAR,South-East Asia,Country,NPL,Nepal,Year,2019,false,,,,,,,,,,,,,608,,,,,,608,,,EN,2025-12-19T00:00:00.000Z
MALARIA_RDT_POS,Number of malaria positive cases by rapid diagnostic test (RDT),numeric,EMR,Eastern Mediterranean,Country,YEM,Yemen,Year,2019,false,,,,,,,,,,,,,61549,,,,,,61 549,,,EN,2025-12-19T00:00:00.000Z
MALARIA_RDT_POS,Number of malaria positive cases by rapid diagnostic test (RDT),numeric,AMR,Americas,Country,VEN,Venezuela (Bolivarian Republic of),Year,2019,false,,,,,,,,,,,,,64053,,,,,,64 053,,,EN,2025-12-19T00:00:00.000Z
MALARIA_RDT_POS,Number of malaria positive cases by rapid diagnostic test (RDT),numeric,AFR,Africa,Country,ERI,Eritrea,Year,2019,false,,,,,,,,,,,,,75761,,,,,,75 761,,,EN,2025-12-19T00:00:00.000Z
MALARIA_RDT_POS,Number of malaria positive cases by rapid diagnostic test (RDT),numeric,AFR,Africa,Country,BDI,Burundi,Year,2019,false,,,,,,,,,,,,,8200522,,,,,,8 200 522,,,EN,2025-12-19T00:00:00.000Z
MALARIA_RDT_POS,Number of malaria positive cases by rapid diagnostic test (RDT),numeric,AMR,Americas,Country,NIC,Nicaragua,Year,2019,false,,,,,,,,,,,,,889,,,,,,889,,,EN,2025-12-19T00:00:00.000Z
MALARIA_RDT_POS,Number of malaria positive cases by rapid diagnostic test (RDT),numeric,SEAR,South-East Asia,Country,TLS,Timor-Leste,Year,2019,false,,,,,,,,,,,,,9,,,,,,9,,,EN,2025-12-19T00:00:00.000Z
MALARIA_RDT_POS,Number of malaria positive cases by rapid diagnostic test (RDT),numeric,WPR,Western Pacific,Country,KOR,Republic of Korea,Year,2019,false,,,,,,,,,,,,,94,,,,,,94,,,EN,2025-12-19T00:00:00.000Z
MALARIA_RDT_POS,Number of malaria positive cases by rapid diagnostic test (RDT),numeric,AFR,Africa,Country,MDG,Madagascar,Year,2019,false,,,,,,,,,,,,,964896,,,,,,964 896,,,EN,2025-12-19T00:00:00.000Z
MALARIA_RDT_POS,Number of malaria positive cases by rapid diagnostic test (RDT),numeric,SEAR,South-East Asia,Country,PRK,Democratic People's Republic of Korea,Year,2019,false,,,,,,,,,,,,,983,,,,,,983,,,EN,2025-12-19T00:00:00.000Z
MALARIA_RDT_POS,Number of malaria positive cases by rapid diagnostic test (RDT),numeric,AMR,Americas,Country,HTI,Haiti,Year,2019,false,,,,,,,,,,,,,9922,,,,,,9922,,,EN,2025-12-19T00:00:00.000Z
MALARIA_RDT_POS,Number of malaria positive cases by rapid diagnostic test (RDT),numeric,EUR,Europe,Country,KAZ,Kazakhstan,Year,2018,false,,,,,,,,,,,,,0,,,,,,0,,,EN,2025-12-19T00:00:00.000Z
MALARIA_RDT_POS,Number of malaria positive cases by rapid diagnostic test (RDT),numeric,SEAR,South-East Asia,Country,LKA,Sri Lanka,Year,2018,false,,,,,,,,,,,,,0,,,,,,0,,,EN,2025-12-19T00:00:00.000Z
MALARIA_RDT_POS,Number of malaria positive cases by rapid diagnostic test (RDT),numeric,AMR,Americas,Country,SLV,El Salvador,Year,2018,true,,,,,,,,,,,,,1,,,,,,1,,,EN,2025-12-19T00:00:00.000Z
MALARIA_RDT_POS,Number of malaria positive cases by rapid diagnostic test (RDT),numeric,AFR,Africa,Country,GIN,Guinea,Year,2018,false,,,,,,,,,,,,,1137877,,,,,,1 137 877,,,EN,2025-12-19T00:00:00.000Z
MALARIA_RDT_POS,Number of malaria positive cases by rapid diagnostic test (RDT),numeric,AFR,Africa,Country,TCD,Chad,Year,2018,false,,,,,,,,,,,,,1227205,,,,,,1 227 205,,,EN,2025-12-19T00:00:00.000Z
MALARIA_RDT_POS,Number of malaria positive cases by rapid diagnostic test (RDT),numeric,AFR,Africa,Country,KEN,Kenya,Year,2018,false,,,,,,,,,,,,,1490143,,,,,,1 490 143,,,EN,2025-12-19T00:00:00.000Z
MALARIA_RDT_POS,Number of malaria positive cases by rapid diagnostic test (RDT),numeric,AFR,Africa,Country,BEN,Benin,Year,2018,false,,,,,,,,,,,,,1717293,,,,,,1 717 293,,,EN,2025-12-19T00:00:00.000Z
MALARIA_RDT_POS,Number of malaria positive cases by rapid diagnostic test (RDT),numeric,AFR,Africa,Country,SLE,Sierra Leone,Year,2018,false,,,,,,,,,,,,,1725112,,,,,,1 725 112,,,EN,2025-12-19T00:00:00.000Z
MALARIA_RDT_POS,Number of malaria positive cases by rapid diagnostic test (RDT),numeric,AFR,Africa,Country,TGO,Togo,Year,2018,false,,,,,,,,,,,,,1773610,,,,,,1 773 610,,,EN,2025-12-19T00:00:00.000Z
MALARIA_RDT_POS,Number of malaria positive cases by rapid diagnostic test (RDT),numeric,AFR,Africa,Country,CMR,Cameroon,Year,2018,false,,,,,,,,,,,,,1828745,,,,,,1 828 745,,,EN,2025-12-19T00:00:00.000Z
MALARIA_RDT_POS,Number of malaria positive cases by rapid diagnostic test (RDT),numeric,AFR,Africa,Country,BFA,Burkina Faso,Year,2018,false,,,,,,,,,,,,,10221981,,,,,,10 221 981,,,EN,2025-12-19T00:00:00.000Z
MALARIA_RDT_POS,Number of malaria positive cases by rapid diagnostic test (RDT),numeric,AMR,Americas,Country,PER,Peru,Year,2018,false,,,,,,,,,,,,,1000,,,,,,1000,,,EN,2025-12-19T00:00:00.000Z
MALARIA_RDT_POS,Number of malaria positive cases by rapid diagnostic test (RDT),numeric,AFR,Africa,Country,SWZ,Eswatini,Year,2018,false,,,,,,,,,,,,,11,,,,,,11,,,EN,2025-12-19T00:00:00.000Z
MALARIA_RDT_POS,Number of malaria positive cases by rapid diagnostic test (RDT),numeric,AMR,Americas,Country,BRA,Brazil,Year,2018,false,,,,,,,,,,,,,12606,,,,,,12 606,,,EN,2025-12-19T00:00:00.000Z
MALARIA_RDT_POS,Number of malaria positive cases by rapid diagnostic test (RDT),numeric,AFR,Africa,Country,GNB,Guinea-Bissau,Year,2018,false,,,,,,,,,,,,,125511,,,,,,125 511,,,EN,2025-12-19T00:00:00.000Z
MALARIA_RDT_POS,Number of malaria positive cases by rapid diagnostic test (RDT),numeric,AFR,Africa,Country,NGA,Nigeria,Year,2018,false,,,,,,,,,,,,,13524751,,,,,,13 524 751,,,EN,2025-12-19T00:00:00.000Z
MALARIA_RDT_POS,Number of malaria positive cases by rapid diagnostic test (RDT),numeric,SEAR,South-East Asia,Country,NPL,Nepal,Year,2018,false,,,,,,,,,,,,,135,,,,,,135,,,EN,2025-12-19T00:00:00.000Z
MALARIA_RDT_POS,Number of malaria positive cases by rapid diagnostic test (RDT),numeric,EMR,Eastern Mediterranean,Country,AFG,Afghanistan,Year,2018,false,,,,,,,,,,,,,143729,,,,,,143 729,,,EN,2025-12-19T00:00:00.000Z
MALARIA_RDT_POS,Number of malaria positive cases by rapid diagnostic test (RDT),numeric,AFR,Africa,Country,COD,Democratic Republic of the Congo,Year,2018,false,,,,,,,,,,,,,15976630,,,,,,15 976 630,,,EN,2025-12-19T00:00:00.000Z
MALARIA_RDT_POS,Number of malaria positive cases by rapid diagnostic test (RDT),numeric,SEAR,South-East Asia,Country,THA,Thailand,Year,2018,false,,,,,,,,,,,,,1579,,,,,,1579,,,EN,2025-12-19T00:00:00.000Z
MALARIA_RDT_POS,Number of malaria positive cases by rapid diagnostic test (RDT),numeric,AMR,Americas,Country,SUR,Suriname,Year,2018,false,,,,,,,,,,,,,17,,,,,,17,,,EN,2025-12-19T00:00:00.000Z
MALARIA_RDT_POS,Number of malaria positive cases by rapid diagnostic test (RDT),numeric,AMR,Americas,Country,GTM,Guatemala,Year,2018,false,,,,,,,,,,,,,1748,,,,,,1748,,,EN,2025-12-19T00:00:00.000Z
MALARIA_RDT_POS,Number of malaria positive cases by rapid diagnostic test (RDT),numeric,WPR,Western Pacific,Country,VNM,Viet Nam,Year,2018,false,,,,,,,,,,,,,1848,,,,,,1848,,,EN,2025-12-19T00:00:00.000Z
MALARIA_RDT_POS,Number of malaria positive cases by rapid diagnostic test (RDT),numeric,SEAR,South-East Asia,Country,IND,India,Year,2018,false,,,,,,,,,,,,,199496,,,,,,199 496,,,EN,2025-12-19T00:00:00.000Z
MALARIA_RDT_POS,Number of malaria positive cases by rapid diagnostic test (RDT),numeric,AFR,Africa,Country,MLI,Mali,Year,2018,false,,,,,,,,,,,,,2043595,,,,,,2 043 595,,,EN,2025-12-19T00:00:00.000Z
MALARIA_RDT_POS,Number of malaria positive cases by rapid diagnostic test (RDT),numeric,AFR,Africa,Country,RWA,Rwanda,Year,2018,false,,,,,,,,,,,,,2574090,,,,,,2 574 090,,,EN,2025-12-19T00:00:00.000Z
MALARIA_RDT_POS,Number of malaria positive cases by rapid diagnostic test (RDT),numeric,AFR,Africa,Country,AGO,Angola,Year,2018,false,,,,,,,,,,,,,2708075,,,,,,2 708 075,,,EN,2025-12-19T00:00:00.000Z
MALARIA_RDT_POS,Number of malaria positive cases by rapid diagnostic test (RDT),numeric,AFR,Africa,Country,NER,Niger,Year,2018,false,,,,,,,,,,,,,2924793,,,,,,2 924 793,,,EN,2025-12-19T00:00:00.000Z
MALARIA_RDT_POS,Number of malaria positive cases by rapid diagnostic test (RDT),numeric,AMR,Americas,Country,ECU,Ecuador,Year,2018,false,,,,,,,,,,,,,217,,,,,,217,,,EN,2025-12-19T00:00:00.000Z
MALARIA_RDT_POS,Number of malaria positive cases by rapid diagnostic test (RDT),numeric,AMR,Americas,Country,DOM,Dominican Republic,Year,2018,false,,,,,,,,,,,,,221,,,,,,221,,,EN,2025-12-19T00:00:00.000Z
MALARIA_RDT_POS,Number of malaria positive cases by rapid diagnostic test (RDT),numeric,AFR,Africa,Country,GAB,Gabon,Year,2018,false,,,,,,,,,,,,,23607,,,,,,23 607,,,EN,2025-12-19T00:00:00.000Z
MALARIA_RDT_POS,Number of malaria positive cases by rapid diagnostic test (RDT),numeric,EMR,Eastern Mediterranean,Country,DJI,Djibouti,Year,2018,false,,,,,,,,,,,,,25319,,,,,,25 319,,,EN,2025-12-19T00:00:00.000Z
MALARIA_RDT_POS,Number of malaria positive cases by rapid diagnostic test (RDT),numeric,SEAR,South-East Asia,Country,PRK,Democratic People's Republic of Korea,Year,2018,false,,,,,,,,,,,,,252,,,,,,252,,,EN,2025-12-19T00:00:00.000Z
MALARIA_RDT_POS,Number of malaria positive cases by rapid diagnostic test (RDT),numeric,EMR,Eastern Mediterranean,Country,PAK,Pakistan,Year,2018,false,,,,,,,,,,,,,255411,,,,,,255 411,,,EN,2025-12-19T00:00:00.000Z
MALARIA_RDT_POS,Number of malaria positive cases by rapid diagnostic test (RDT),numeric,AFR,Africa,Country,ZWE,Zimbabwe,Year,2018,false,,,,,,,,,,,,,264018,,,,,,264 018,,,EN,2025-12-19T00:00:00.000Z
MALARIA_RDT_POS,Number of malaria positive cases by rapid diagnostic test (RDT),numeric,AFR,Africa,Country,STP,Sao Tome and Principe,Year,2018,false,,,,,,,,,,,,,2792,,,,,,2792,,,EN,2025-12-19T00:00:00.000Z
MALARIA_RDT_POS,Number of malaria positive cases by rapid diagnostic test (RDT),numeric,AMR,Americas,Country,NIC,Nicaragua,Year,2018,false,,,,,,,,,,,,,2885,,,,,,2885,,,EN,2025-12-19T00:00:00.000Z
MALARIA_RDT_POS,Number of malaria positive cases by rapid diagnostic test (RDT),numeric,AFR,Africa,Country,BDI,Burundi,Year,2018,false,,,,,,,,,,,,,3818195,,,,,,3 818 195,,,EN,2025-12-19T00:00:00.000Z
MALARIA_RDT_POS,Number of malaria positive cases by rapid diagnostic test (RDT),numeric,AFR,Africa,Country,GHA,Ghana,Year,2018,false,,,,,,,,,,,,,3826106,,,,,,3 826 106,,,EN,2025-12-19T00:00:00.000Z
MALARIA_RDT_POS,Number of malaria positive cases by rapid diagnostic test (RDT),numeric,AFR,Africa,Country,MRT,Mauritania,Year,2018,false,,,,,,,,,,,,,30609,,,,,,30 609,,,EN,2025-12-19T00:00:00.000Z
MALARIA_RDT_POS,Number of malaria positive cases by rapid diagnostic test (RDT),numeric,EMR,Eastern Mediterranean,Country,SOM,Somalia,Year,2018,false,,,,,,,,,,,,,31021,,,,,,31 021,,,EN,2025-12-19T00:00:00.000Z
MALARIA_RDT_POS,Number of malaria positive cases by rapid diagnostic test (RDT),numeric,WPR,Western Pacific,Country,IDN,Indonesia,Year,2018,false,,,,,,,,,,,,,31563,,,,,,31 563,,,EN,2025-12-19T00:00:00.000Z
MALARIA_RDT_POS,Number of malaria positive cases by rapid diagnostic test (RDT),numeric,AMR,Americas,Country,COL,Colombia,Year,2018,false,,,,,,,,,,,,,3407,,,,,,3407,,,EN,2025-12-19T00:00:00.000Z
MALARIA_RDT_POS,Number of malaria positive cases by rapid diagnostic test (RDT),numeric,AMR,Americas,Country,GUY,Guyana,Year,2018,false,,,,,,,,,,,,,3570,,,,,,3570,,,EN,2025-12-19T00:00:00.000Z
MALARIA_RDT_POS,Number of malaria positive cases by rapid diagnostic test (RDT),numeric,AFR,Africa,Country,ERI,Eritrea,Year,2018,false,,,,,,,,,,,,,36115,,,,,,36 115,,,EN,2025-12-19T00:00:00.000Z
MALARIA_RDT_POS,Number of malaria positive cases by rapid diagnostic test (RDT),numeric,AFR,Africa,Country,NAM,Namibia,Year,2018,false,,,,,,,,,,,,,36451,,,,,,36 451,,,EN,2025-12-19T00:00:00.000Z
MALARIA_RDT_POS,Number of malaria positive cases by rapid diagnostic test (RDT),numeric,EMR,Eastern Mediterranean,Country,SDN,Sudan,Year,2018,false,,,,,,,,,,,,,386473,,,,,,386 473,,,EN,2025-12-19T00:00:00.000Z
MALARIA_RDT_POS,Number of malaria positive cases by rapid diagnostic test (RDT),numeric,AFR,Africa,Country,CIV,Cote d'Ivoire,Year,2018,false,,,,,,,,,,,,,4070353,,,,,,4 070 353,,,EN,2025-12-19T00:00:00.000Z
MALARIA_RDT_POS,Number of malaria positive cases by rapid diagnostic test (RDT),numeric,AFR,Africa,Country,ZMB,Zambia,Year,2018,false,,,,,,,,,,,,,4989824,,,,,,4 989 824,,,EN,2025-12-19T00:00:00.000Z
MALARIA_RDT_POS,Number of malaria positive cases by rapid diagnostic test (RDT),numeric,WPR,Western Pacific,Country,PHL,Philippines,Year,2018,false,,,,,,,,,,,,,4072,,,,,,4072,,,EN,2025-12-19T00:00:00.000Z
MALARIA_RDT_POS,Number of malaria positive cases by rapid diagnostic test (RDT),numeric,WPR,Western Pacific,Country,SLB,Solomon Islands,Year,2018,false,,,,,,,,,,,,,41366,,,,,,41 366,,,EN,2025-12-19T00:00:00.000Z
MALARIA_RDT_POS,Number of malaria positive cases by rapid diagnostic test (RDT),numeric,AMR,Americas,Country,PAN,Panama,Year,2018,false,,,,,,,,,,,,,424,,,,,,424,,,EN,2025-12-19T00:00:00.000Z
MALARIA_RDT_POS,Number of malaria positive cases by rapid diagnostic test (RDT),numeric,WPR,Western Pacific,Country,KOR,Republic of Korea,Year,2018,false,,,,,,,,,,,,,429,,,,,,429,,,EN,2025-12-19T00:00:00.000Z
MALARIA_RDT_POS,Number of malaria positive cases by rapid diagnostic test (RDT),numeric,EMR,Eastern Mediterranean,Country,IRN,Iran (Islamic Republic of),Year,2018,false,,,,,,,,,,,,,436,,,,,,436,,,EN,2025-12-19T00:00:00.000Z
MALARIA_RDT_POS,Number of malaria positive cases by rapid diagnostic test (RDT),numeric,AMR,Americas,Country,CRI,Costa Rica,Year,2018,false,,,,,,,,,,,,,44,,,,,,44,,,EN,2025-12-19T00:00:00.000Z
MALARIA_RDT_POS,Number of malaria positive cases by rapid diagnostic test (RDT),numeric,AMR,Americas,Country,HND,Honduras,Year,2018,false,,,,,,,,,,,,,454,,,,,,454,,,EN,2025-12-19T00:00:00.000Z
MALARIA_RDT_POS,Number of malaria positive cases by rapid diagnostic test (RDT),numeric,WPR,Western Pacific,Country,PNG,Papua New Guinea,Year,2018,false,,,,,,,,,,,,,456597,,,,,,456 597,,,EN,2025-12-19T00:00:00.000Z
MALARIA_RDT_POS,Number of malaria positive cases by rapid diagnostic test (RDT),numeric,AMR,Americas,Country,VEN,Venezuela (Bolivarian Republic of),Year,2018,false,,,,,,,,,,,,,48117,,,,,,48 117,,,EN,2025-12-19T00:00:00.000Z
MALARIA_RDT_POS,Number of malaria positive cases by rapid diagnostic test (RDT),numeric,AFR,Africa,Country,GNQ,Equatorial Guinea,Year,2018,false,,,,,,,,,,,,,4827,,,,,,4827,,,EN,2025-12-19T00:00:00.000Z
MALARIA_RDT_POS,Number of malaria positive cases by rapid diagnostic test (RDT),numeric,SEAR,South-East Asia,Country,BTN,Bhutan,Year,2018,false,,,,,,,,,,,,,5,,,,,,5,,,EN,2025-12-19T00:00:00.000Z
MALARIA_RDT_POS,Number of malaria positive cases by rapid diagnostic test (RDT),numeric,AFR,Africa,Country,TZA,United Republic of Tanzania,Year,2018,false,,,,,,,,,,,,,5221811,,,,,,5 221 811,,,EN,2025-12-19T00:00:00.000Z
MALARIA_RDT_POS,Number of malaria positive cases by rapid diagnostic test (RDT),numeric,AFR,Africa,Country,UGA,Uganda,Year,2018,false,,,,,,,,,,,,,5300265,,,,,,5 300 265,,,EN,2025-12-19T00:00:00.000Z
MALARIA_RDT_POS,Number of malaria positive cases by rapid diagnostic test (RDT),numeric,AFR,Africa,Country,MWI,Malawi,Year,2018,false,,,,,,,,,,,,,5830741,,,,,,5 830 741,,,EN,2025-12-19T00:00:00.000Z
MALARIA_RDT_POS,Number of malaria positive cases by rapid diagnostic test (RDT),numeric,AFR,Africa,Country,SEN,Senegal,Year,2018,false,,,,,,,,,,,,,526947,,,,,,526 947,,,EN,2025-12-19T00:00:00.000Z
MALARIA_RDT_POS,Number of malaria positive cases by rapid diagnostic test (RDT),numeric,WPR,Western Pacific,Country,KHM,Cambodia,Year,2018,false,,,,,,,,,,,,,54264,,,,,,54 264,,,EN,2025-12-19T00:00:00.000Z
MALARIA_RDT_POS,Number of malaria positive cases by rapid diagnostic test (RDT),numeric,AFR,Africa,Country,BWA,Botswana,Year,2018,false,,,,,,,,,,,,,585,,,,,,585,,,EN,2025-12-19T00:00:00.000Z
MALARIA_RDT_POS,Number of malaria positive cases by rapid diagnostic test (RDT),numeric,WPR,Western Pacific,Country,VUT,Vanuatu,Year,2018,false,,,,,,,,,,,,,591,,,,,,591,,,EN,2025-12-19T00:00:00.000Z
MALARIA_RDT_POS,Number of malaria positive cases by rapid diagnostic test (RDT),numeric,AFR,Africa,Country,COM,Comoros,Year,2018,false,,,,,,,,,,,,,6416,,,,,,6416,,,EN,2025-12-19T00:00:00.000Z
MALARIA_RDT_POS,Number of malaria positive cases by rapid diagnostic test (RDT),numeric,AFR,Africa,Country,GMB,Gambia,Year,2018,false,,,,,,,,,,,,,72938,,,,,,72 938,,,EN,2025-12-19T00:00:00.000Z
MALARIA_RDT_POS,Number of malaria positive cases by rapid diagnostic test (RDT),numeric,SEAR,South-East Asia,Country,MMR,Myanmar,Year,2018,false,,,,,,,,,,,,,73941,,,,,,73 941,,,EN,2025-12-19T00:00:00.000Z
MALARIA_RDT_POS,Number of malaria positive cases by rapid diagnostic test (RDT),numeric,WPR,Western Pacific,Country,LAO,Lao People's Democratic Republic,Year,2018,false,,,,,,,,,,,,,7945,,,,,,7945,,,EN,2025-12-19T00:00:00.000Z
MALARIA_RDT_POS,Number of malaria positive cases by rapid diagnostic test (RDT),numeric,SEAR,South-East Asia,Country,TLS,Timor-Leste,Year,2018,false,,,,,,,,,,,,,8,,,,,,8,,,EN,2025-12-19T00:00:00.000Z
MALARIA_RDT_POS,Number of malaria positive cases by rapid diagnostic test (RDT),numeric,AFR,Africa,Country,ZAF,South Africa,Year,2018,false,,,,,,,,,,,,,8123,,,,,,8123,,,EN,2025-12-19T00:00:00.000Z
MALARIA_RDT_POS,Number of malaria positive cases by rapid diagnostic test (RDT),numeric,AMR,Americas,Country,HTI,Haiti,Year,2018,false,,,,,,,,,,,,,8232,,,,,,8232,,,EN,2025-12-19T00:00:00.000Z
MALARIA_RDT_POS,Number of malaria positive cases by rapid diagnostic test (RDT),numeric,AFR,Africa,Country,CAF,Central African Republic,Year,2018,false,,,,,,,,,,,,,854852,,,,,,854 852,,,EN,2025-12-19T00:00:00.000Z
MALARIA_RDT_POS,Number of malaria positive cases by rapid diagnostic test (RDT),numeric,AFR,Africa,Country,MOZ,Mozambique,Year,2018,false,,,,,,,,,,,,,9561037,,,,,,9 561 037,,,EN,2025-12-19T00:00:00.000Z
MALARIA_RDT_POS,Number of malaria positive cases by rapid diagnostic test (RDT),numeric,AMR,Americas,Country,BOL,Bolivia (Plurinational State of),Year,2018,false,,,,,,,,,,,,,93,,,,,,93,,,EN,2025-12-19T00:00:00.000Z
MALARIA_RDT_POS,Number of malaria positive cases by rapid diagnostic test (RDT),numeric,EMR,Eastern Mediterranean,Country,YEM,Yemen,Year,2018,false,,,,,,,,,,,,,93667,,,,,,93 667,,,EN,2025-12-19T00:00:00.000Z
MALARIA_RDT_POS,Number of malaria positive cases by rapid diagnostic test (RDT),numeric,SEAR,South-East Asia,Country,BGD,Bangladesh,Year,2018,false,,,,,,,,,,,,,9388,,,,,,9388,,,EN,2025-12-19T00:00:00.000Z
MALARIA_RDT_POS,Number of malaria positive cases by rapid diagnostic test (RDT),numeric,AFR,Africa,Country,MDG,Madagascar,Year,2018,false,,,,,,,,,,,,,965390,,,,,,965 390,,,EN,2025-12-19T00:00:00.000Z
MALARIA_RDT_POS,Number of malaria positive cases by rapid diagnostic test (RDT),numeric,AFR,Africa,Country,SSD,South Sudan,Year,2018,false,,,,,,,,,,,,,98209,,,,,,98 209,,,EN,2025-12-19T00:00:00.000Z
MALARIA_RDT_POS,Number of malaria positive cases by rapid diagnostic test (RDT),numeric,AFR,Africa,Country,SSD,South Sudan,Year,2017,false,,,,,,,,,,,,,1152363,,,,,,1 152 363,,,EN,2025-12-19T00:00:00.000Z
MALARIA_RDT_POS,Number of malaria positive cases by rapid diagnostic test (RDT),numeric,AFR,Africa,Country,GIN,Guinea,Year,2017,false,,,,,,,,,,,,,1271112,,,,,,1 271 112,,,EN,2025-12-19T00:00:00.000Z
MALARIA_RDT_POS,Number of malaria positive cases by rapid diagnostic test (RDT),numeric,AFR,Africa,Country,KEN,Kenya,Year,2017,false,,,,,,,,,,,,,1391361,,,,,,1 391 361,,,EN,2025-12-19T00:00:00.000Z
MALARIA_RDT_POS,Number of malaria positive cases by rapid diagnostic test (RDT),numeric,AFR,Africa,Country,TGO,Togo,Year,2017,false,,,,,,,,,,,,,1546956,,,,,,1 546 956,,,EN,2025-12-19T00:00:00.000Z
MALARIA_RDT_POS,Number of malaria positive cases by rapid diagnostic test (RDT),numeric,AFR,Africa,Country,SLE,Sierra Leone,Year,2017,false,,,,,,,,,,,,,1645519,,,,,,1 645 519,,,EN,2025-12-19T00:00:00.000Z
MALARIA_RDT_POS,Number of malaria positive cases by rapid diagnostic test (RDT),numeric,AFR,Africa,Country,AGO,Angola,Year,2017,false,,,,,,,,,,,,,1675082,,,,,,1 675 082,,,EN,2025-12-19T00:00:00.000Z
MALARIA_RDT_POS,Number of malaria positive cases by rapid diagnostic test (RDT),numeric,AFR,Africa,Country,BEN,Benin,Year,2017,false,,,,,,,,,,,,,1725089,,,,,,1 725 089,,,EN,2025-12-19T00:00:00.000Z
MALARIA_RDT_POS,Number of malaria positive cases by rapid diagnostic test (RDT),numeric,AFR,Africa,Country,CMR,Cameroon,Year,2017,false,,,,,,,,,,,,,1854658,,,,,,1 854 658,,,EN,2025-12-19T00:00:00.000Z
MALARIA_RDT_POS,Number of malaria positive cases by rapid diagnostic test (RDT),numeric,AFR,Africa,Country,BFA,Burkina Faso,Year,2017,false,,,,,,,,,,,,,10510849,,,,,,10 510 849,,,EN,2025-12-19T00:00:00.000Z
MALARIA_RDT_POS,Number of malaria positive cases by rapid diagnostic test (RDT),numeric,SEAR,South-East Asia,Country,BTN,Bhutan,Year,2017,false,,,,,,,,,,,,,11,,,,,,11,,,EN,2025-12-19T00:00:00.000Z
MALARIA_RDT_POS,Number of malaria positive cases by rapid diagnostic test (RDT),numeric,WPR,Western Pacific,Country,VUT,Vanuatu,Year,2017,false,,,,,,,,,,,,,1108,,,,,,1108,,,EN,2025-12-19T00:00:00.000Z
MALARIA_RDT_POS,Number of malaria positive cases by rapid diagnostic test (RDT),numeric,EMR,Eastern Mediterranean,Country,YEM,Yemen,Year,2017,false,,,,,,,,,,,,,114397,,,,,,114 397,,,EN,2025-12-19T00:00:00.000Z
MALARIA_RDT_POS,Number of malaria positive cases by rapid diagnostic test (RDT),numeric,EMR,Eastern Mediterranean,Country,AFG,Afghanistan,Year,2017,false,,,,,,,,,,,,,118220,,,,,,118 220,,,EN,2025-12-19T00:00:00.000Z
MALARIA_RDT_POS,Number of malaria positive cases by rapid diagnostic test (RDT),numeric,AFR,Africa,Country,NGA,Nigeria,Year,2017,false,,,,,,,,,,,,,12338760,,,,,,12 338 760,,,EN,2025-12-19T00:00:00.000Z
MALARIA_RDT_POS,Number of malaria positive cases by rapid diagnostic test (RDT),numeric,AMR,Americas,Country,GUF,French Guiana,Year,2017,false,,,,,,,,,,,,,129,,,,,,129,,,EN,2025-12-19T00:00:00.000Z
MALARIA_RDT_POS,Number of malaria positive cases by rapid diagnostic test (RDT),numeric,EMR,Eastern Mediterranean,Country,DJI,Djibouti,Year,2017,false,,,,,,,,,,,,,13527,,,,,,13 527,,,EN,2025-12-19T00:00:00.000Z
MALARIA_RDT_POS,Number of malaria positive cases by rapid diagnostic test (RDT),numeric,SEAR,South-East Asia,Country,PRK,Democratic People's Republic of Korea,Year,2017,false,,,,,,,,,,,,,140,,,,,,140,,,EN,2025-12-19T00:00:00.000Z
MALARIA_RDT_POS,Number of malaria positive cases by rapid diagnostic test (RDT),numeric,AFR,Africa,Country,COD,Democratic Republic of the Congo,Year,2017,false,,,,,,,,,,,,,15501285,,,,,,15 501 285,,,EN,2025-12-19T00:00:00.000Z
MALARIA_RDT_POS,Number of malaria positive cases by rapid diagnostic test (RDT),numeric,AFR,Africa,Country,SWZ,Eswatini,Year,2017,false,,,,,,,,,,,,,1594,,,,,,1594,,,EN,2025-12-19T00:00:00.000Z
MALARIA_RDT_POS,Number of malaria positive cases by rapid diagnostic test (RDT),numeric,WPR,Western Pacific,Country,VNM,Viet Nam,Year,2017,false,,,,,,,,,,,,,1594,,,,,,1594,,,EN,2025-12-19T00:00:00.000Z
MALARIA_RDT_POS,Number of malaria positive cases by rapid diagnostic test (RDT),numeric,AMR,Americas,Country,SUR,Suriname,Year,2017,false,,,,,,,,,,,,,160,,,,,,160,,,EN,2025-12-19T00:00:00.000Z
MALARIA_RDT_POS,Number of malaria positive cases by rapid diagnostic test (RDT),numeric,AMR,Americas,Country,HTI,Haiti,Year,2017,false,,,,,,,,,,,,,18309,,,,,,18 309,,,EN,2025-12-19T00:00:00.000Z
MALARIA_RDT_POS,Number of malaria positive cases by rapid diagnostic test (RDT),numeric,AFR,Africa,Country,BWA,Botswana,Year,2017,false,,,,,,,,,,,,,1909,,,,,,1909,,,EN,2025-12-19T00:00:00.000Z
MALARIA_RDT_POS,Number of malaria positive cases by rapid diagnostic test (RDT),numeric,AMR,Americas,Country,ARG,Argentina,Year,2017,true,,,,,,,,,,,,,2,,,,,,2,,,EN,2025-12-19T00:00:00.000Z
MALARIA_RDT_POS,Number of malaria positive cases by rapid diagnostic test (RDT),numeric,AMR,Americas,Country,PRY,Paraguay,Year,2017,false,,,,,,,,,,,,,2,,,,,,2,,,EN,2025-12-19T00:00:00.000Z
MALARIA_RDT_POS,Number of malaria positive cases by rapid diagnostic test (RDT),numeric,AFR,Africa,Country,MLI,Mali,Year,2017,false,,,,,,,,,,,,,2000545,,,,,,2 000 545,,,EN,2025-12-19T00:00:00.000Z
MALARIA_RDT_POS,Number of malaria positive cases by rapid diagnostic test (RDT),numeric,AFR,Africa,Country,NER,Niger,Year,2017,false,,,,,,,,,,,,,2635412,,,,,,2 635 412,,,EN,2025-12-19T00:00:00.000Z
MALARIA_RDT_POS,Number of malaria positive cases by rapid diagnostic test (RDT),numeric,AFR,Africa,Country,ZAF,South Africa,Year,2017,false,,,,,,,,,,,,,20023,,,,,,20 023,,,EN,2025-12-19T00:00:00.000Z
MALARIA_RDT_POS,Number of malaria positive cases by rapid diagnostic test (RDT),numeric,AFR,Africa,Country,MRT,Mauritania,Year,2017,false,,,,,,,,,,,,,20105,,,,,,20 105,,,EN,2025-12-19T00:00:00.000Z
MALARIA_RDT_POS,Number of malaria positive cases by rapid diagnostic test (RDT),numeric,AMR,Americas,Country,GTM,Guatemala,Year,2017,false,,,,,,,,,,,,,2078,,,,,,2078,,,EN,2025-12-19T00:00:00.000Z
MALARIA_RDT_POS,Number of malaria positive cases by rapid diagnostic test (RDT),numeric,EMR,Eastern Mediterranean,Country,SDN,Sudan,Year,2017,false,,,,,,,,,,,,,212016,,,,,,212 016,,,EN,2025-12-19T00:00:00.000Z
MALARIA_RDT_POS,Number of malaria positive cases by rapid diagnostic test (RDT),numeric,AFR,Africa,Country,STP,Sao Tome and Principe,Year,2017,false,,,,,,,,,,,,,2132,,,,,,2132,,,EN,2025-12-19T00:00:00.000Z
MALARIA_RDT_POS,Number of malaria positive cases by rapid diagnostic test (RDT),numeric,AMR,Americas,Country,PER,Peru,Year,2017,false,,,,,,,,,,,,,2325,,,,,,2325,,,EN,2025-12-19T00:00:00.000Z
MALARIA_RDT_POS,Number of malaria positive cases by rapid diagnostic test (RDT),numeric,EMR,Eastern Mediterranean,Country,PAK,Pakistan,Year,2017,false,,,,,,,,,,,,,237237,,,,,,237 237,,,EN,2025-12-19T00:00:00.000Z
MALARIA_RDT_POS,Number of malaria positive cases by rapid diagnostic test (RDT),numeric,AMR,Americas,Country,GUY,Guyana,Year,2017,false,,,,,,,,,,,,,242,,,,,,242,,,EN,2025-12-19T00:00:00.000Z
MALARIA_RDT_POS,Number of malaria positive cases by rapid diagnostic test (RDT),numeric,SEAR,South-East Asia,Country,BGD,Bangladesh,Year,2017,false,,,,,,,,,,,,,25922,,,,,,25 922,,,EN,2025-12-19T00:00:00.000Z
MALARIA_RDT_POS,Number of malaria positive cases by rapid diagnostic test (RDT),numeric,AMR,Americas,Country,BOL,Bolivia (Plurinational State of),Year,2017,false,,,,,,,,,,,,,253,,,,,,253,,,EN,2025-12-19T00:00:00.000Z
MALARIA_RDT_POS,Number of malaria positive cases by rapid diagnostic test (RDT),numeric,AFR,Africa,Country,COM,Comoros,Year,2017,false,,,,,,,,,,,,,2571,,,,,,2571,,,EN,2025-12-19T00:00:00.000Z
MALARIA_RDT_POS,Number of malaria positive cases by rapid diagnostic test (RDT),numeric,AMR,Americas,Country,HND,Honduras,Year,2017,false,,,,,,,,,,,,,263,,,,,,263,,,EN,2025-12-19T00:00:00.000Z
MALARIA_RDT_POS,Number of malaria positive cases by rapid diagnostic test (RDT),numeric,AMR,Americas,Country,BLZ,Belize,Year,2017,false,,,,,,,,,,,,,3,,,,,,3,,,EN,2025-12-19T00:00:00.000Z
MALARIA_RDT_POS,Number of malaria positive cases by rapid diagnostic test (RDT),numeric,AMR,Americas,Country,CRI,Costa Rica,Year,2017,false,,,,,,,,,,,,,3,,,,,,3,,,EN,2025-12-19T00:00:00.000Z
MALARIA_RDT_POS,Number of malaria positive cases by rapid diagnostic test (RDT),numeric,EUR,Europe,Country,TJK,Tajikistan,Year,2017,true,,,,,,,,,,,,,3,,,,,,3,,,EN,2025-12-19T00:00:00.000Z
MALARIA_RDT_POS,Number of malaria positive cases by rapid diagnostic test (RDT),numeric,AFR,Africa,Country,RWA,Rwanda,Year,2017,false,,,,,,,,,,,,,3012753,,,,,,3 012 753,,,EN,2025-12-19T00:00:00.000Z
MALARIA_RDT_POS,Number of malaria positive cases by rapid diagnostic test (RDT),numeric,AFR,Africa,Country,CIV,Cote d'Ivoire,Year,2017,false,,,,,,,,,,,,,3445812,,,,,,3 445 812,,,EN,2025-12-19T00:00:00.000Z
MALARIA_RDT_POS,Number of malaria positive cases by rapid diagnostic test (RDT),numeric,SEAR,South-East Asia,Country,TLS,Timor-Leste,Year,2017,false,,,,,,,,,,,,,30,,,,,,30,,,EN,2025-12-19T00:00:00.000Z
MALARIA_RDT_POS,Number of malaria positive cases by rapid diagnostic test (RDT),numeric,EMR,Eastern Mediterranean,Country,SOM,Somalia,Year,2017,false,,,,,,,,,,,,,35138,,,,,,35 138,,,EN,2025-12-19T00:00:00.000Z
MALARIA_RDT_POS,Number of malaria positive cases by rapid diagnostic test (RDT),numeric,WPR,Western Pacific,Country,SLB,Solomon Islands,Year,2017,false,,,,,,,,,,,,,36541,,,,,,36 541,,,EN,2025-12-19T00:00:00.000Z
MALARIA_RDT_POS,Number of malaria positive cases by rapid diagnostic test (RDT),numeric,WPR,Western Pacific,Country,KOR,Republic of Korea,Year,2017,false,,,,,,,,,,,,,372,,,,,,372,,,EN,2025-12-19T00:00:00.000Z
MALARIA_RDT_POS,Number of malaria positive cases by rapid diagnostic test (RDT),numeric,AFR,Africa,Country,CAF,Central African Republic,Year,2017,false,,,,,,,,,,,,,383058,,,,,,383 058,,,EN,2025-12-19T00:00:00.000Z
MALARIA_RDT_POS,Number of malaria positive cases by rapid diagnostic test (RDT),numeric,AFR,Africa,Country,SEN,Senegal,Year,2017,false,,,,,,,,,,,,,385243,,,,,,385 243,,,EN,2025-12-19T00:00:00.000Z
MALARIA_RDT_POS,Number of malaria positive cases by rapid diagnostic test (RDT),numeric,AFR,Africa,Country,ERI,Eritrea,Year,2017,false,,,,,,,,,,,,,39486,,,,,,39 486,,,EN,2025-12-19T00:00:00.000Z
MALARIA_RDT_POS,Number of malaria positive cases by rapid diagnostic test (RDT),numeric,AFR,Africa,Country,TZA,United Republic of Tanzania,Year,2017,false,,,,,,,,,,,,,4828165,,,,,,4 828 165,,,EN,2025-12-19T00:00:00.000Z
MALARIA_RDT_POS,Number of malaria positive cases by rapid diagnostic test (RDT),numeric,AFR,Africa,Country,MWI,Malawi,Year,2017,false,,,,,,,,,,,,,4901344,,,,,,4 901 344,,,EN,2025-12-19T00:00:00.000Z
MALARIA_RDT_POS,Number of malaria positive cases by rapid diagnostic test (RDT),numeric,WPR,Western Pacific,Country,PNG,Papua New Guinea,Year,2017,false,,,,,,,,,,,,,418429,,,,,,418 429,,,EN,2025-12-19T00:00:00.000Z
MALARIA_RDT_POS,Number of malaria positive cases by rapid diagnostic test (RDT),numeric,SEAR,South-East Asia,Country,THA,Thailand,Year,2017,false,,,,,,,,,,,,,4286,,,,,,4286,,,EN,2025-12-19T00:00:00.000Z
MALARIA_RDT_POS,Number of malaria positive cases by rapid diagnostic test (RDT),numeric,AFR,Africa,Country,CPV,Cabo Verde,Year,2017,false,,,,,,,,,,,,,446,,,,,,446,,,EN,2025-12-19T00:00:00.000Z
MALARIA_RDT_POS,Number of malaria positive cases by rapid diagnostic test (RDT),numeric,SEAR,South-East Asia,Country,NPL,Nepal,Year,2017,false,,,,,,,,,,,,,449,,,,,,449,,,EN,2025-12-19T00:00:00.000Z
MALARIA_RDT_POS,Number of malaria positive cases by rapid diagnostic test (RDT),numeric,AFR,Africa,Country,ZWE,Zimbabwe,Year,2017,false,,,,,,,,,,,,,468276,,,,,,468 276,,,EN,2025-12-19T00:00:00.000Z
MALARIA_RDT_POS,Number of malaria positive cases by rapid diagnostic test (RDT),numeric,AFR,Africa,Country,ZMB,Zambia,Year,2017,false,,,,,,,,,,,,,5505639,,,,,,5 505 639,,,EN,2025-12-19T00:00:00.000Z
MALARIA_RDT_POS,Number of malaria positive cases by rapid diagnostic test (RDT),numeric,AFR,Africa,Country,GHA,Ghana,Year,2017,false,,,,,,,,,,,,,5913356,,,,,,5 913 356,,,EN,2025-12-19T00:00:00.000Z
MALARIA_RDT_POS,Number of malaria positive cases by rapid diagnostic test (RDT),numeric,AMR,Americas,Country,COL,Colombia,Year,2017,false,,,,,,,,,,,,,5056,,,,,,5056,,,EN,2025-12-19T00:00:00.000Z
MALARIA_RDT_POS,Number of malaria positive cases by rapid diagnostic test (RDT),numeric,SEAR,South-East Asia,Country,IND,India,Year,2017,false,,,,,,,,,,,,,537790,,,,,,537 790,,,EN,2025-12-19T00:00:00.000Z
MALARIA_RDT_POS,Number of malaria positive cases by rapid diagnostic test (RDT),numeric,WPR,Western Pacific,Country,PHL,Philippines,Year,2017,false,,,,,,,,,,,,,5917,,,,,,5917,,,EN,2025-12-19T00:00:00.000Z
MALARIA_RDT_POS,Number of malaria positive cases by rapid diagnostic test (RDT),numeric,AMR,Americas,Country,ECU,Ecuador,Year,2017,false,,,,,,,,,,,,,6,,,,,,6,,,EN,2025-12-19T00:00:00.000Z
MALARIA_RDT_POS,Number of malaria positive cases by rapid diagnostic test (RDT),numeric,AMR,Americas,Country,MEX,Mexico,Year,2017,false,,,,,,,,,,,,,6,,,,,,6,,,EN,2025-12-19T00:00:00.000Z
MALARIA_RDT_POS,Number of malaria positive cases by rapid diagnostic test (RDT),numeric,AFR,Africa,Country,BDI,Burundi,Year,2017,false,,,,,,,,,,,,,6526121,,,,,,6 526 121,,,EN,2025-12-19T00:00:00.000Z
MALARIA_RDT_POS,Number of malaria positive cases by rapid diagnostic test (RDT),numeric,AFR,Africa,Country,NAM,Namibia,Year,2017,false,,,,,,,,,,,,,66141,,,,,,66 141,,,EN,2025-12-19T00:00:00.000Z
MALARIA_RDT_POS,Number of malaria positive cases by rapid diagnostic test (RDT),numeric,AFR,Africa,Country,GMB,Gambia,Year,2017,false,,,,,,,,,,,,,66697,,,,,,66 697,,,EN,2025-12-19T00:00:00.000Z
MALARIA_RDT_POS,Number of malaria positive cases by rapid diagnostic test (RDT),numeric,AFR,Africa,Country,LBR,Liberia,Year,2017,false,,,,,,,,,,,,,667476,,,,,,667 476,,,EN,2025-12-19T00:00:00.000Z
MALARIA_RDT_POS,Number of malaria positive cases by rapid diagnostic test (RDT),numeric,WPR,Western Pacific,Country,LAO,Lao People's Democratic Republic,Year,2017,false,,,,,,,,,,,,,6860,,,,,,6860,,,EN,2025-12-19T00:00:00.000Z
MALARIA_RDT_POS,Number of malaria positive cases by rapid diagnostic test (RDT),numeric,AMR,Americas,Country,PAN,Panama,Year,2017,false,,,,,,,,,,,,,689,,,,,,689,,,EN,2025-12-19T00:00:00.000Z
MALARIA_RDT_POS,Number of malaria positive cases by rapid diagnostic test (RDT),numeric,AFR,Africa,Country,GAB,Gabon,Year,2017,false,,,,,,,,,,,,,6947,,,,,,6947,,,EN,2025-12-19T00:00:00.000Z
MALARIA_RDT_POS,Number of malaria positive cases by rapid diagnostic test (RDT),numeric,WPR,Western Pacific,Country,KHM,Cambodia,Year,2017,false,,,,,,,,,,,,,70896,,,,,,70 896,,,EN,2025-12-19T00:00:00.000Z
MALARIA_RDT_POS,Number of malaria positive cases by rapid diagnostic test (RDT),numeric,AMR,Americas,Country,DOM,Dominican Republic,Year,2017,false,,,,,,,,,,,,,74,,,,,,74,,,EN,2025-12-19T00:00:00.000Z
MALARIA_RDT_POS,Number of malaria positive cases by rapid diagnostic test (RDT),numeric,SEAR,South-East Asia,Country,MMR,Myanmar,Year,2017,false,,,,,,,,,,,,,80371,,,,,,80 371,,,EN,2025-12-19T00:00:00.000Z
MALARIA_RDT_POS,Number of malaria positive cases by rapid diagnostic test (RDT),numeric,AFR,Africa,Country,GNQ,Equatorial Guinea,Year,2017,false,,,,,,,,,,,,,8925,,,,,,8925,,,EN,2025-12-19T00:00:00.000Z
MALARIA_RDT_POS,Number of malaria positive cases by rapid diagnostic test (RDT),numeric,AFR,Africa,Country,TCD,Chad,Year,2017,false,,,,,,,,,,,,,898018,,,,,,898 018,,,EN,2025-12-19T00:00:00.000Z
MALARIA_RDT_POS,Number of malaria positive cases by rapid diagnostic test (RDT),numeric,AFR,Africa,Country,MOZ,Mozambique,Year,2017,false,,,,,,,,,,,,,9192319,,,,,,9 192 319,,,EN,2025-12-19T00:00:00.000Z
MALARIA_RDT_POS,Number of malaria positive cases by rapid diagnostic test (RDT),numeric,AFR,Africa,Country,UGA,Uganda,Year,2017,false,,,,,,,,,,,,,9973390,,,,,,9 973 390,,,EN,2025-12-19T00:00:00.000Z
MALARIA_RDT_POS,Number of malaria positive cases by rapid diagnostic test (RDT),numeric,AMR,Americas,Country,BRA,Brazil,Year,2017,false,,,,,,,,,,,,,9549,,,,,,9549,,,EN,2025-12-19T00:00:00.000Z
MALARIA_RDT_POS,Number of malaria positive cases by rapid diagnostic test (RDT),numeric,AFR,Africa,Country,GNB,Guinea-Bissau,Year,2017,false,,,,,,,,,,,,,98849,,,,,,98 849,,,EN,2025-12-19T00:00:00.000Z
MALARIA_RDT_POS,Number of malaria positive cases by rapid diagnostic test (RDT),numeric,AFR,Africa,Country,MDG,Madagascar,Year,2017,false,,,,,,,,,,,,,980718,,,,,,980 718,,,EN,2025-12-19T00:00:00.000Z
MALARIA_RDT_POS,Number of malaria positive cases by rapid diagnostic test (RDT),numeric,AMR,Americas,Country,GTM,Guatemala,Year,2016,false,,,,,,,,,,,,,1,,,,,,1,,,EN,2025-12-19T00:00:00.000Z
MALARIA_RDT_POS,Number of malaria positive cases by rapid diagnostic test (RDT),numeric,AMR,Americas,Country,PRY,Paraguay,Year,2016,false,,,,,,,,,,,,,1,,,,,,1,,,EN,2025-12-19T00:00:00.000Z
MALARIA_RDT_POS,Number of malaria positive cases by rapid diagnostic test (RDT),numeric,SEAR,South-East Asia,Country,LKA,Sri Lanka,Year,2016,false,,,,,,,,,,,,,1,,,,,,1,,,EN,2025-12-19T00:00:00.000Z
MALARIA_RDT_POS,Number of malaria positive cases by rapid diagnostic test (RDT),numeric,EUR,Europe,Country,TJK,Tajikistan,Year,2016,false,,,,,,,,,,,,,1,,,,,,1,,,EN,2025-12-19T00:00:00.000Z
MALARIA_RDT_POS,Number of malaria positive cases by rapid diagnostic test (RDT),numeric,AFR,Africa,Country,CAF,Central African Republic,Year,2016,false,,,,,,,,,,,,,1094393,,,,,,1 094 393,,,EN,2025-12-19T00:00:00.000Z
MALARIA_RDT_POS,Number of malaria positive cases by rapid diagnostic test (RDT),numeric,AFR,Africa,Country,KEN,Kenya,Year,2016,false,,,,,,,,,,,,,1495751,,,,,,1 495 751,,,EN,2025-12-19T00:00:00.000Z
MALARIA_RDT_POS,Number of malaria positive cases by rapid diagnostic test (RDT),numeric,AFR,Africa,Country,BEN,Benin,Year,2016,false,,,,,,,,,,,,,1506189,,,,,,1 506 189,,,EN,2025-12-19T00:00:00.000Z
MALARIA_RDT_POS,Number of malaria positive cases by rapid diagnostic test (RDT),numeric,AFR,Africa,Country,TGO,Togo,Year,2016,false,,,,,,,,,,,,,1514415,,,,,,1 514 415,,,EN,2025-12-19T00:00:00.000Z
MALARIA_RDT_POS,Number of malaria positive cases by rapid diagnostic test (RDT),numeric,AFR,Africa,Country,CMR,Cameroon,Year,2016,false,,,,,,,,,,,,,1665786,,,,,,1 665 786,,,EN,2025-12-19T00:00:00.000Z
MALARIA_RDT_POS,Number of malaria positive cases by rapid diagnostic test (RDT),numeric,AFR,Africa,Country,SLE,Sierra Leone,Year,2016,false,,,,,,,,,,,,,1714848,,,,,,1 714 848,,,EN,2025-12-19T00:00:00.000Z
MALARIA_RDT_POS,Number of malaria positive cases by rapid diagnostic test (RDT),numeric,AFR,Africa,Country,AGO,Angola,Year,2016,false,,,,,,,,,,,,,1736125,,,,,,1 736 125,,,EN,2025-12-19T00:00:00.000Z
MALARIA_RDT_POS,Number of malaria positive cases by rapid diagnostic test (RDT),numeric,SEAR,South-East Asia,Country,MMR,Myanmar,Year,2016,false,,,,,,,,,,,,,103429,,,,,,103 429,,,EN,2025-12-19T00:00:00.000Z
MALARIA_RDT_POS,Number of malaria positive cases by rapid diagnostic test (RDT),numeric,AFR,Africa,Country,GNB,Guinea-Bissau,Year,2016,false,,,,,,,,,,,,,103457,,,,,,103 457,,,EN,2025-12-19T00:00:00.000Z
MALARIA_RDT_POS,Number of malaria positive cases by rapid diagnostic test (RDT),numeric,AMR,Americas,Country,SUR,Suriname,Year,2016,false,,,,,,,,,,,,,11,,,,,,11,,,EN,2025-12-19T00:00:00.000Z
MALARIA_RDT_POS,Number of malaria positive cases by rapid diagnostic test (RDT),numeric,EMR,Eastern Mediterranean,Country,DJI,Djibouti,Year,2016,false,,,,,,,,,,,,,11542,,,,,,11 542,,,EN,2025-12-19T00:00:00.000Z
MALARIA_RDT_POS,Number of malaria positive cases by rapid diagnostic test (RDT),numeric,AFR,Africa,Country,NGA,Nigeria,Year,2016,false,,,,,,,,,,,,,12979919,,,,,,12 979 919,,,EN,2025-12-19T00:00:00.000Z
MALARIA_RDT_POS,Number of malaria positive cases by rapid diagnostic test (RDT),numeric,WPR,Western Pacific,Country,LAO,Lao People's Democratic Republic,Year,2016,false,,,,,,,,,,,,,13142,,,,,,13 142,,,EN,2025-12-19T00:00:00.000Z
MALARIA_RDT_POS,Number of malaria positive cases by rapid diagnostic test (RDT),numeric,AFR,Africa,Country,GMB,Gambia,Year,2016,false,,,,,,,,,,,,,136342,,,,,,136 342,,,EN,2025-12-19T00:00:00.000Z
MALARIA_RDT_POS,Number of malaria positive cases by rapid diagnostic test (RDT),numeric,AFR,Africa,Country,COD,Democratic Republic of the Congo,Year,2016,false,,,,,,,,,,,,,14973987,,,,,,14 973 987,,,EN,2025-12-19T00:00:00.000Z
MALARIA_RDT_POS,Number of malaria positive cases by rapid diagnostic test (RDT),numeric,SEAR,South-East Asia,Country,PRK,Democratic People's Republic of Korea,Year,2016,false,,,,,,,,,,,,,143,,,,,,143,,,EN,2025-12-19T00:00:00.000Z
MALARIA_RDT_POS,Number of malaria positive cases by rapid diagnostic test (RDT),numeric,AFR,Africa,Country,GAB,Gabon,Year,2016,false,,,,,,,,,,,,,1496,,,,,,1496,,,EN,2025-12-19T00:00:00.000Z
MALARIA_RDT_POS,Number of malaria positive cases by rapid diagnostic test (RDT),numeric,SEAR,South-East Asia,Country,BTN,Bhutan,Year,2016,false,,,,,,,,,,,,,15,,,,,,15,,,EN,2025-12-19T00:00:00.000Z
MALARIA_RDT_POS,Number of malaria positive cases by rapid diagnostic test (RDT),numeric,EMR,Eastern Mediterranean,Country,PAK,Pakistan,Year,2016,false,,,,,,,,,,,,,171451,,,,,,171 451,,,EN,2025-12-19T00:00:00.000Z
MALARIA_RDT_POS,Number of malaria positive cases by rapid diagnostic test (RDT),numeric,AMR,Americas,Country,GUY,Guyana,Year,2016,false,,,,,,,,,,,,,1724,,,,,,1724,,,EN,2025-12-19T00:00:00.000Z
MALARIA_RDT_POS,Number of malaria positive cases by rapid diagnostic test (RDT),numeric,EMR,Eastern Mediterranean,Country,SDN,Sudan,Year,2016,false,,,,,,,,,,,,,187707,,,,,,187 707,,,EN,2025-12-19T00:00:00.000Z
MALARIA_RDT_POS,Number of malaria positive cases by rapid diagnostic test (RDT),numeric,AMR,Americas,Country,CRI,Costa Rica,Year,2016,false,,,,,,,,,,,,,2,,,,,,2,,,EN,2025-12-19T00:00:00.000Z
MALARIA_RDT_POS,Number of malaria positive cases by rapid diagnostic test (RDT),numeric,AFR,Africa,Country,MLI,Mali,Year,2016,false,,,,,,,,,,,,,2075886,,,,,,2 075 886,,,EN,2025-12-19T00:00:00.000Z
MALARIA_RDT_POS,Number of malaria positive cases by rapid diagnostic test (RDT),numeric,AFR,Africa,Country,NER,Niger,Year,2016,false,,,,,,,,,,,,,2137595,,,,,,2 137 595,,,EN,2025-12-19T00:00:00.000Z
MALARIA_RDT_POS,Number of malaria positive cases by rapid diagnostic test (RDT),numeric,WPR,Western Pacific,Country,VUT,Vanuatu,Year,2016,false,,,,,,,,,,,,,2027,,,,,,2027,,,EN,2025-12-19T00:00:00.000Z
MALARIA_RDT_POS,Number of malaria positive cases by rapid diagnostic test (RDT),numeric,AFR,Africa,Country,GNQ,Equatorial Guinea,Year,2016,false,,,,,,,,,,,,,22091,,,,,,22 091,,,EN,2025-12-19T00:00:00.000Z
MALARIA_RDT_POS,Number of malaria positive cases by rapid diagnostic test (RDT),numeric,AFR,Africa,Country,STP,Sao Tome and Principe,Year,2016,false,,,,,,,,,,,,,2205,,,,,,2205,,,EN,2025-12-19T00:00:00.000Z
MALARIA_RDT_POS,Number of malaria positive cases by rapid diagnostic test (RDT),numeric,AMR,Americas,Country,HTI,Haiti,Year,2016,false,,,,,,,,,,,,,23325,,,,,,23 325,,,EN,2025-12-19T00:00:00.000Z
MALARIA_RDT_POS,Number of malaria positive cases by rapid diagnostic test (RDT),numeric,SEAR,South-East Asia,Country,BGD,Bangladesh,Year,2016,false,,,,,,,,,,,,,24520,,,,,,24 520,,,EN,2025-12-19T00:00:00.000Z
MALARIA_RDT_POS,Number of malaria positive cases by rapid diagnostic test (RDT),numeric,AFR,Africa,Country,NAM,Namibia,Year,2016,false,,,,,,,,,,,,,24869,,,,,,24 869,,,EN,2025-12-19T00:00:00.000Z
MALARIA_RDT_POS,Number of malaria positive cases by rapid diagnostic test (RDT),numeric,WPR,Western Pacific,Country,SLB,Solomon Islands,Year,2016,false,,,,,,,,,,,,,28245,,,,,,28 245,,,EN,2025-12-19T00:00:00.000Z
MALARIA_RDT_POS,Number of malaria positive cases by rapid diagnostic test (RDT),numeric,AFR,Africa,Country,MRT,Mauritania,Year,2016,false,,,,,,,,,,,,,29156,,,,,,29 156,,,EN,2025-12-19T00:00:00.000Z
MALARIA_RDT_POS,Number of malaria positive cases by rapid diagnostic test (RDT),numeric,AFR,Africa,Country,CIV,Cote d'Ivoire,Year,2016,false,,,,,,,,,,,,,3174938,,,,,,3 174 938,,,EN,2025-12-19T00:00:00.000Z
MALARIA_RDT_POS,Number of malaria positive cases by rapid diagnostic test (RDT),numeric,AFR,Africa,Country,ZAF,South Africa,Year,2016,false,,,,,,,,,,,,,3104,,,,,,3104,,,EN,2025-12-19T00:00:00.000Z
MALARIA_RDT_POS,Number of malaria positive cases by rapid diagnostic test (RDT),numeric,AFR,Africa,Country,ZWE,Zimbabwe,Year,2016,false,,,,,,,,,,,,,314003,,,,,,314 003,,,EN,2025-12-19T00:00:00.000Z
MALARIA_RDT_POS,Number of malaria positive cases by rapid diagnostic test (RDT),numeric,AFR,Africa,Country,SEN,Senegal,Year,2016,false,,,,,,,,,,,,,339622,,,,,,339 622,,,EN,2025-12-19T00:00:00.000Z
MALARIA_RDT_POS,Number of malaria positive cases by rapid diagnostic test (RDT),numeric,EMR,Eastern Mediterranean,Country,SOM,Somalia,Year,2016,false,,,,,,,,,,,,,35628,,,,,,35 628,,,EN,2025-12-19T00:00:00.000Z
MALARIA_RDT_POS,Number of malaria positive cases by rapid diagnostic test (RDT),numeric,AFR,Africa,Country,COG,Congo,Year,2016,false,,,,,,,,,,,,,37235,,,,,,37 235,,,EN,2025-12-19T00:00:00.000Z
MALARIA_RDT_POS,Number of malaria positive cases by rapid diagnostic test (RDT),numeric,WPR,Western Pacific,Country,PHL,Philippines,Year,2016,false,,,,,,,,,,,,,3820,,,,,,3820,,,EN,2025-12-19T00:00:00.000Z
MALARIA_RDT_POS,Number of malaria positive cases by rapid diagnostic test (RDT),numeric,WPR,Western Pacific,Country,KHM,Cambodia,Year,2016,false,,,,,,,,,,,,,39685,,,,,,39 685,,,EN,2025-12-19T00:00:00.000Z
MALARIA_RDT_POS,Number of malaria positive cases by rapid diagnostic test (RDT),numeric,AFR,Africa,Country,GHA,Ghana,Year,2016,false,,,,,,,,,,,,,4239967,,,,,,4 239 967,,,EN,2025-12-19T00:00:00.000Z
MALARIA_RDT_POS,Number of malaria positive cases by rapid diagnostic test (RDT),numeric,AFR,Africa,Country,TZA,United Republic of Tanzania,Year,2016,false,,,,,,,,,,,,,4499783,,,,,,4 499 783,,,EN,2025-12-19T00:00:00.000Z
MALARIA_RDT_POS,Number of malaria positive cases by rapid diagnostic test (RDT),numeric,AFR,Africa,Country,MWI,Malawi,Year,2016,false,,,,,,,,,,,,,4730835,,,,,,4 730 835,,,EN,2025-12-19T00:00:00.000Z
MALARIA_RDT_POS,Number of malaria positive cases by rapid diagnostic test (RDT),numeric,AFR,Africa,Country,ZMB,Zambia,Year,2016,false,,,,,,,,,,,,,4851319,,,,,,4 851 319,,,EN,2025-12-19T00:00:00.000Z
MALARIA_RDT_POS,Number of malaria positive cases by rapid diagnostic test (RDT),numeric,WPR,Western Pacific,Country,KOR,Republic of Korea,Year,2016,false,,,,,,,,,,,,,454,,,,,,454,,,EN,2025-12-19T00:00:00.000Z
MALARIA_RDT_POS,Number of malaria positive cases by rapid diagnostic test (RDT),numeric,WPR,Western Pacific,Country,PNG,Papua New Guinea,Year,2016,false,,,,,,,,,,,,,454347,,,,,,454 347,,,EN,2025-12-19T00:00:00.000Z
MALARIA_RDT_POS,Number of malaria positive cases by rapid diagnostic test (RDT),numeric,AFR,Africa,Country,SWZ,Eswatini,Year,2016,false,,,,,,,,,,,,,458,,,,,,458,,,EN,2025-12-19T00:00:00.000Z
MALARIA_RDT_POS,Number of malaria positive cases by rapid diagnostic test (RDT),numeric,AFR,Africa,Country,RWA,Rwanda,Year,2016,false,,,,,,,,,,,,,463666,,,,,,463 666,,,EN,2025-12-19T00:00:00.000Z
MALARIA_RDT_POS,Number of malaria positive cases by rapid diagnostic test (RDT),numeric,AMR,Americas,Country,PAN,Panama,Year,2016,false,,,,,,,,,,,,,5,,,,,,5,,,EN,2025-12-19T00:00:00.000Z
MALARIA_RDT_POS,Number of malaria positive cases by rapid diagnostic test (RDT),numeric,AMR,Americas,Country,BRA,Brazil,Year,2016,false,,,,,,,,,,,,,5034,,,,,,5034,,,EN,2025-12-19T00:00:00.000Z
MALARIA_RDT_POS,Number of malaria positive cases by rapid diagnostic test (RDT),numeric,AFR,Africa,Country,SSD,South Sudan,Year,2016,false,,,,,,,,,,,,,5262,,,,,,5262,,,EN,2025-12-19T00:00:00.000Z
MALARIA_RDT_POS,Number of malaria positive cases by rapid diagnostic test (RDT),numeric,EMR,Eastern Mediterranean,Country,YEM,Yemen,Year,2016,false,,,,,,,,,,,,,53814,,,,,,53 814,,,EN,2025-12-19T00:00:00.000Z
MALARIA_RDT_POS,Number of malaria positive cases by rapid diagnostic test (RDT),numeric,AMR,Americas,Country,COL,Colombia,Year,2016,false,,,,,,,,,,,,,5655,,,,,,5655,,,EN,2025-12-19T00:00:00.000Z
MALARIA_RDT_POS,Number of malaria positive cases by rapid diagnostic test (RDT),numeric,AFR,Africa,Country,TCD,Chad,Year,2016,false,,,,,,,,,,,,,574003,,,,,,574 003,,,EN,2025-12-19T00:00:00.000Z
MALARIA_RDT_POS,Number of malaria positive cases by rapid diagnostic test (RDT),numeric,AMR,Americas,Country,MEX,Mexico,Year,2016,false,,,,,,,,,,,,,6,,,,,,6,,,EN,2025-12-19T00:00:00.000Z
MALARIA_RDT_POS,Number of malaria positive cases by rapid diagnostic test (RDT),numeric,AFR,Africa,Country,BDI,Burundi,Year,2016,false,,,,,,,,,,,,,6272554,,,,,,6 272 554,,,EN,2025-12-19T00:00:00.000Z
MALARIA_RDT_POS,Number of malaria positive cases by rapid diagnostic test (RDT),numeric,SEAR,South-East Asia,Country,THA,Thailand,Year,2016,false,,,,,,,,,,,,,6499,,,,,,6499,,,EN,2025-12-19T00:00:00.000Z
MALARIA_RDT_POS,Number of malaria positive cases by rapid diagnostic test (RDT),numeric,AMR,Americas,Country,HND,Honduras,Year,2016,false,,,,,,,,,,,,,657,,,,,,657,,,EN,2025-12-19T00:00:00.000Z
MALARIA_RDT_POS,Number of malaria positive cases by rapid diagnostic test (RDT),numeric,AFR,Africa,Country,MDG,Madagascar,Year,2016,false,,,,,,,,,,,,,682290,,,,,,682 290,,,EN,2025-12-19T00:00:00.000Z
MALARIA_RDT_POS,Number of malaria positive cases by rapid diagnostic test (RDT),numeric,AFR,Africa,Country,BWA,Botswana,Year,2016,false,,,,,,,,,,,,,723,,,,,,723,,,EN,2025-12-19T00:00:00.000Z
MALARIA_RDT_POS,Number of malaria positive cases by rapid diagnostic test (RDT),numeric,AFR,Africa,Country,CPV,Cabo Verde,Year,2016,false,,,,,,,,,,,,,77,,,,,,77,,,EN,2025-12-19T00:00:00.000Z
MALARIA_RDT_POS,Number of malaria positive cases by rapid diagnostic test (RDT),numeric,AFR,Africa,Country,UGA,Uganda,Year,2016,false,,,,,,,,,,,,,8193758,,,,,,8 193 758,,,EN,2025-12-19T00:00:00.000Z
MALARIA_RDT_POS,Number of malaria positive cases by rapid diagnostic test (RDT),numeric,AMR,Americas,Country,DOM,Dominican Republic,Year,2016,false,,,,,,,,,,,,,80,,,,,,80,,,EN,2025-12-19T00:00:00.000Z
MALARIA_RDT_POS,Number of malaria positive cases by rapid diagnostic test (RDT),numeric,AFR,Africa,Country,LBR,Liberia,Year,2016,false,,,,,,,,,,,,,809356,,,,,,809 356,,,EN,2025-12-19T00:00:00.000Z
MALARIA_RDT_POS,Number of malaria positive cases by rapid diagnostic test (RDT),numeric,AMR,Americas,Country,GUF,French Guiana,Year,2016,false,,,,,,,,,,,,,85,,,,,,85,,,EN,2025-12-19T00:00:00.000Z
MALARIA_RDT_POS,Number of malaria positive cases by rapid diagnostic test (RDT),numeric,EMR,Eastern Mediterranean,Country,AFG,Afghanistan,Year,2016,false,,,,,,,,,,,,,89705,,,,,,89 705,,,EN,2025-12-19T00:00:00.000Z
MALARIA_RDT_POS,Number of malaria positive cases by rapid diagnostic test (RDT),numeric,AFR,Africa,Country,MOZ,Mozambique,Year,2016,false,,,,,,,,,,,,,9016176,,,,,,9 016 176,,,EN,2025-12-19T00:00:00.000Z
MALARIA_RDT_POS,Number of malaria positive cases by rapid diagnostic test (RDT),numeric,AFR,Africa,Country,BFA,Burkina Faso,Year,2016,false,,,,,,,,,,,,,9699334,,,,,,9 699 334,,,EN,2025-12-19T00:00:00.000Z
MALARIA_RDT_POS,Number of malaria positive cases by rapid diagnostic test (RDT),numeric,AFR,Africa,Country,COM,Comoros,Year,2016,false,,,,,,,,,,,,,908,,,,,,908,,,EN,2025-12-19T00:00:00.000Z
MALARIA_RDT_POS,Number of malaria positive cases by rapid diagnostic test (RDT),numeric,AFR,Africa,Country,GIN,Guinea,Year,2016,false,,,,,,,,,,,,,938341,,,,,,938 341,,,EN,2025-12-19T00:00:00.000Z
MALARIA_RDT_POS,Number of malaria positive cases by rapid diagnostic test (RDT),numeric,SEAR,South-East Asia,Country,TLS,Timor-Leste,Year,2016,false,,,,,,,,,,,,,94,,,,,,94,,,EN,2025-12-19T00:00:00.000Z
MALARIA_RDT_POS,Number of malaria positive cases by rapid diagnostic test (RDT),numeric,AMR,Americas,Country,PRY,Paraguay,Year,2015,false,,,,,,,,,,,,,1,,,,,,1,,,EN,2025-12-19T00:00:00.000Z
MALARIA_RDT_POS,Number of malaria positive cases by rapid diagnostic test (RDT),numeric,SEAR,South-East Asia,Country,LKA,Sri Lanka,Year,2015,false,,,,,,,,,,,,,1,,,,,,1,,,EN,2025-12-19T00:00:00.000Z
MALARIA_RDT_POS,Number of malaria positive cases by rapid diagnostic test (RDT),numeric,AFR,Africa,Country,KEN,Kenya,Year,2015,false,,,,,,,,,,,,,1015769,,,,,,1 015 769,,,EN,2025-12-19T00:00:00.000Z
MALARIA_RDT_POS,Number of malaria positive cases by rapid diagnostic test (RDT),numeric,AFR,Africa,Country,TGO,Togo,Year,2015,false,,,,,,,,,,,,,1293133,,,,,,1 293 133,,,EN,2025-12-19T00:00:00.000Z
MALARIA_RDT_POS,Number of malaria positive cases by rapid diagnostic test (RDT),numeric,AFR,Africa,Country,AGO,Angola,Year,2015,false,,,,,,,,,,,,,1372532,,,,,,1 372 532,,,EN,2025-12-19T00:00:00.000Z
MALARIA_RDT_POS,Number of malaria positive cases by rapid diagnostic test (RDT),numeric,AFR,Africa,Country,SLE,Sierra Leone,Year,2015,false,,,,,,,,,,,,,1445556,,,,,,1 445 556,,,EN,2025-12-19T00:00:00.000Z
MALARIA_RDT_POS,Number of malaria positive cases by rapid diagnostic test (RDT),numeric,AFR,Africa,Country,BEN,Benin,Year,2015,false,,,,,,,,,,,,,1613565,,,,,,1 613 565,,,EN,2025-12-19T00:00:00.000Z
MALARIA_RDT_POS,Number of malaria positive cases by rapid diagnostic test (RDT),numeric,AFR,Africa,Country,COD,Democratic Republic of the Congo,Year,2015,false,,,,,,,,,,,,,10636165,,,,,,10 636 165,,,EN,2025-12-19T00:00:00.000Z
MALARIA_RDT_POS,Number of malaria positive cases by rapid diagnostic test (RDT),numeric,AFR,Africa,Country,GNB,Guinea-Bissau,Year,2015,false,,,,,,,,,,,,,104296,,,,,,104 296,,,EN,2025-12-19T00:00:00.000Z
MALARIA_RDT_POS,Number of malaria positive cases by rapid diagnostic test (RDT),numeric,SEAR,South-East Asia,Country,PRK,Democratic People's Republic of Korea,Year,2015,false,,,,,,,,,,,,,12,,,,,,12,,,EN,2025-12-19T00:00:00.000Z
MALARIA_RDT_POS,Number of malaria positive cases by rapid diagnostic test (RDT),numeric,AFR,Africa,Country,NAM,Namibia,Year,2015,false,,,,,,,,,,,,,12050,,,,,,12 050,,,EN,2025-12-19T00:00:00.000Z
MALARIA_RDT_POS,Number of malaria positive cases by rapid diagnostic test (RDT),numeric,AMR,Americas,Country,HTI,Haiti,Year,2015,false,,,,,,,,,,,,,12702,,,,,,12 702,,,EN,2025-12-19T00:00:00.000Z
MALARIA_RDT_POS,Number of malaria positive cases by rapid diagnostic test (RDT),numeric,AMR,Americas,Country,DOM,Dominican Republic,Year,2015,false,,,,,,,,,,,,,129,,,,,,129,,,EN,2025-12-19T00:00:00.000Z
MALARIA_RDT_POS,Number of malaria positive cases by rapid diagnostic test (RDT),numeric,AMR,Americas,Country,GTM,Guatemala,Year,2015,false,,,,,,,,,,,,,1298,,,,,,1298,,,EN,2025-12-19T00:00:00.000Z
MALARIA_RDT_POS,Number of malaria positive cases by rapid diagnostic test (RDT),numeric,AFR,Africa,Country,SSD,South Sudan,Year,2015,false,,,,,,,,,,,,,13099,,,,,,13 099,,,EN,2025-12-19T00:00:00.000Z
MALARIA_RDT_POS,Number of malaria positive cases by rapid diagnostic test (RDT),numeric,AMR,Americas,Country,GUF,French Guiana,Year,2015,false,,,,,,,,,,,,,137,,,,,,137,,,EN,2025-12-19T00:00:00.000Z
MALARIA_RDT_POS,Number of malaria positive cases by rapid diagnostic test (RDT),numeric,AFR,Africa,Country,RWA,Rwanda,Year,2015,false,,,,,,,,,,,,,151394,,,,,,151 394,,,EN,2025-12-19T00:00:00.000Z
MALARIA_RDT_POS,Number of malaria positive cases by rapid diagnostic test (RDT),numeric,EMR,Eastern Mediterranean,Country,AFG,Afghanistan,Year,2015,false,,,,,,,,,,,,,16482,,,,,,16 482,,,EN,2025-12-19T00:00:00.000Z
MALARIA_RDT_POS,Number of malaria positive cases by rapid diagnostic test (RDT),numeric,SEAR,South-East Asia,Country,MMR,Myanmar,Year,2015,false,,,,,,,,,,,,,176163,,,,,,176 163,,,EN,2025-12-19T00:00:00.000Z
MALARIA_RDT_POS,Number of malaria positive cases by rapid diagnostic test (RDT),numeric,AFR,Africa,Country,ERI,Eritrea,Year,2015,false,,,,,,,,,,,,,19704,,,,,,19 704,,,EN,2025-12-19T00:00:00.000Z
MALARIA_RDT_POS,Number of malaria positive cases by rapid diagnostic test (RDT),numeric,AFR,Africa,Country,STP,Sao Tome and Principe,Year,2015,false,,,,,,,,,,,,,1918,,,,,,1918,,,EN,2025-12-19T00:00:00.000Z
MALARIA_RDT_POS,Number of malaria positive cases by rapid diagnostic test (RDT),numeric,AFR,Africa,Country,GMB,Gambia,Year,2015,false,,,,,,,,,,,,,196699,,,,,,196 699,,,EN,2025-12-19T00:00:00.000Z
MALARIA_RDT_POS,Number of malaria positive cases by rapid diagnostic test (RDT),numeric,AFR,Africa,Country,NER,Niger,Year,2015,false,,,,,,,,,,,,,2185448,,,,,,2 185 448,,,EN,2025-12-19T00:00:00.000Z
MALARIA_RDT_POS,Number of malaria positive cases by rapid diagnostic test (RDT),numeric,AFR,Africa,Country,MLI,Mali,Year,2015,false,,,,,,,,,,,,,2211357,,,,,,2 211 357,,,EN,2025-12-19T00:00:00.000Z
MALARIA_RDT_POS,Number of malaria positive cases by rapid diagnostic test (RDT),numeric,AFR,Africa,Country,CIV,Cote d'Ivoire,Year,2015,false,,,,,,,,,,,,,2897034,,,,,,2 897 034,,,EN,2025-12-19T00:00:00.000Z
MALARIA_RDT_POS,Number of malaria positive cases by rapid diagnostic test (RDT),numeric,SEAR,South-East Asia,Country,BTN,Bhutan,Year,2015,false,,,,,,,,,,,,,20,,,,,,20,,,EN,2025-12-19T00:00:00.000Z
MALARIA_RDT_POS,Number of malaria positive cases by rapid diagnostic test (RDT),numeric,EMR,Eastern Mediterranean,Country,SOM,Somalia,Year,2015,false,,,,,,,,,,,,,20953,,,,,,20 953,,,EN,2025-12-19T00:00:00.000Z
MALARIA_RDT_POS,Number of malaria positive cases by rapid diagnostic test (RDT),numeric,AFR,Africa,Country,MRT,Mauritania,Year,2015,false,,,,,,,,,,,,,22631,,,,,,22 631,,,EN,2025-12-19T00:00:00.000Z
MALARIA_RDT_POS,Number of malaria positive cases by rapid diagnostic test (RDT),numeric,AFR,Africa,Country,CPV,Cabo Verde,Year,2015,false,,,,,,,,,,,,,27,,,,,,27,,,EN,2025-12-19T00:00:00.000Z
MALARIA_RDT_POS,Number of malaria positive cases by rapid diagnostic test (RDT),numeric,WPR,Western Pacific,Country,PNG,Papua New Guinea,Year,2015,false,,,,,,,,,,,,,281712,,,,,,281 712,,,EN,2025-12-19T00:00:00.000Z
MALARIA_RDT_POS,Number of malaria positive cases by rapid diagnostic test (RDT),numeric,WPR,Western Pacific,Country,LAO,Lao People's Democratic Republic,Year,2015,false,,,,,,,,,,,,,29880,,,,,,29 880,,,EN,2025-12-19T00:00:00.000Z
MALARIA_RDT_POS,Number of malaria positive cases by rapid diagnostic test (RDT),numeric,AMR,Americas,Country,CRI,Costa Rica,Year,2015,false,,,,,,,,,,,,,3,,,,,,3,,,EN,2025-12-19T00:00:00.000Z
MALARIA_RDT_POS,Number of malaria positive cases by rapid diagnostic test (RDT),numeric,AMR,Americas,Country,PAN,Panama,Year,2015,false,,,,,,,,,,,,,3,,,,,,3,,,EN,2025-12-19T00:00:00.000Z
MALARIA_RDT_POS,Number of malaria positive cases by rapid diagnostic test (RDT),numeric,AFR,Africa,Country,BDI,Burundi,Year,2015,false,,,,,,,,,,,,,3463848,,,,,,3 463 848,,,EN,2025-12-19T00:00:00.000Z
MALARIA_RDT_POS,Number of malaria positive cases by rapid diagnostic test (RDT),numeric,AFR,Africa,Country,MWI,Malawi,Year,2015,false,,,,,,,,,,,,,3585315,,,,,,3 585 315,,,EN,2025-12-19T00:00:00.000Z
MALARIA_RDT_POS,Number of malaria positive cases by rapid diagnostic test (RDT),numeric,AMR,Americas,Country,SUR,Suriname,Year,2015,false,,,,,,,,,,,,,31,,,,,,31,,,EN,2025-12-19T00:00:00.000Z
MALARIA_RDT_POS,Number of malaria positive cases by rapid diagnostic test (RDT),numeric,SEAR,South-East Asia,Country,BGD,Bangladesh,Year,2015,false,,,,,,,,,,,,,33098,,,,,,33 098,,,EN,2025-12-19T00:00:00.000Z
MALARIA_RDT_POS,Number of malaria positive cases by rapid diagnostic test (RDT),numeric,AMR,Americas,Country,BRA,Brazil,Year,2015,false,,,,,,,,,,,,,3318,,,,,,3318,,,EN,2025-12-19T00:00:00.000Z
MALARIA_RDT_POS,Number of malaria positive cases by rapid diagnostic test (RDT),numeric,AFR,Africa,Country,BWA,Botswana,Year,2015,false,,,,,,,,,,,,,332,,,,,,332,,,EN,2025-12-19T00:00:00.000Z
MALARIA_RDT_POS,Number of malaria positive cases by rapid diagnostic test (RDT),numeric,EMR,Eastern Mediterranean,Country,YEM,Yemen,Year,2015,false,,,,,,,,,,,,,34207,,,,,,34 207,,,EN,2025-12-19T00:00:00.000Z
MALARIA_RDT_POS,Number of malaria positive cases by rapid diagnostic test (RDT),numeric,AFR,Africa,Country,GAB,Gabon,Year,2015,false,,,,,,,,,,,,,3477,,,,,,3477,,,EN,2025-12-19T00:00:00.000Z
MALARIA_RDT_POS,Number of malaria positive cases by rapid diagnostic test (RDT),numeric,AMR,Americas,Country,COL,Colombia,Year,2015,false,,,,,,,,,,,,,3535,,,,,,3535,,,EN,2025-12-19T00:00:00.000Z
MALARIA_RDT_POS,Number of malaria positive cases by rapid diagnostic test (RDT),numeric,AFR,Africa,Country,ZMB,Zambia,Year,2015,false,,,,,,,,,,,,,4184661,,,,,,4 184 661,,,EN,2025-12-19T00:00:00.000Z
MALARIA_RDT_POS,Number of malaria positive cases by rapid diagnostic test (RDT),numeric,AFR,Africa,Country,TZA,United Republic of Tanzania,Year,2015,false,,,,,,,,,,,,,4490126,,,,,,4 490 126,,,EN,2025-12-19T00:00:00.000Z
MALARIA_RDT_POS,Number of malaria positive cases by rapid diagnostic test (RDT),numeric,AFR,Africa,Country,GHA,Ghana,Year,2015,false,,,,,,,,,,,,,4722792,,,,,,4 722 792,,,EN,2025-12-19T00:00:00.000Z
MALARIA_RDT_POS,Number of malaria positive cases by rapid diagnostic test (RDT),numeric,AFR,Africa,Country,ZAF,South Africa,Year,2015,false,,,,,,,,,,,,,4174,,,,,,4174,,,EN,2025-12-19T00:00:00.000Z
MALARIA_RDT_POS,Number of malaria positive cases by rapid diagnostic test (RDT),numeric,AFR,Africa,Country,SWZ,Eswatini,Year,2015,false,,,,,,,,,,,,,452,,,,,,452,,,EN,2025-12-19T00:00:00.000Z
MALARIA_RDT_POS,Number of malaria positive cases by rapid diagnostic test (RDT),numeric,WPR,Western Pacific,Country,KOR,Republic of Korea,Year,2015,false,,,,,,,,,,,,,452,,,,,,452,,,EN,2025-12-19T00:00:00.000Z
MALARIA_RDT_POS,Number of malaria positive cases by rapid diagnostic test (RDT),numeric,AMR,Americas,Country,PER,Peru,Year,2015,false,,,,,,,,,,,,,463,,,,,,463,,,EN,2025-12-19T00:00:00.000Z
MALARIA_RDT_POS,Number of malaria positive cases by rapid diagnostic test (RDT),numeric,AFR,Africa,Country,SEN,Senegal,Year,2015,false,,,,,,,,,,,,,474407,,,,,,474 407,,,EN,2025-12-19T00:00:00.000Z
MALARIA_RDT_POS,Number of malaria positive cases by rapid diagnostic test (RDT),numeric,AFR,Africa,Country,ZWE,Zimbabwe,Year,2015,false,,,,,,,,,,,,,482379,,,,,,482 379,,,EN,2025-12-19T00:00:00.000Z
MALARIA_RDT_POS,Number of malaria positive cases by rapid diagnostic test (RDT),numeric,AFR,Africa,Country,CAF,Central African Republic,Year,2015,false,,,,,,,,,,,,,492309,,,,,,492 309,,,EN,2025-12-19T00:00:00.000Z
MALARIA_RDT_POS,Number of malaria positive cases by rapid diagnostic test (RDT),numeric,AMR,Americas,Country,BLZ,Belize,Year,2015,false,,,,,,,,,,,,,5,,,,,,5,,,EN,2025-12-19T00:00:00.000Z
MALARIA_RDT_POS,Number of malaria positive cases by rapid diagnostic test (RDT),numeric,EUR,Europe,Country,TJK,Tajikistan,Year,2015,false,,,,,,,,,,,,,5,,,,,,5,,,EN,2025-12-19T00:00:00.000Z
MALARIA_RDT_POS,Number of malaria positive cases by rapid diagnostic test (RDT),numeric,WPR,Western Pacific,Country,VUT,Vanuatu,Year,2015,false,,,,,,,,,,,,,556,,,,,,556,,,EN,2025-12-19T00:00:00.000Z
MALARIA_RDT_POS,Number of malaria positive cases by rapid diagnostic test (RDT),numeric,WPR,Western Pacific,Country,PHL,Philippines,Year,2015,false,,,,,,,,,,,,,5716,,,,,,5716,,,EN,2025-12-19T00:00:00.000Z
MALARIA_RDT_POS,Number of malaria positive cases by rapid diagnostic test (RDT),numeric,AMR,Americas,Country,ECU,Ecuador,Year,2015,false,,,,,,,,,,,,,6,,,,,,6,,,EN,2025-12-19T00:00:00.000Z
MALARIA_RDT_POS,Number of malaria positive cases by rapid diagnostic test (RDT),numeric,AFR,Africa,Country,UGA,Uganda,Year,2015,false,,,,,,,,,,,,,6164171,,,,,,6 164 171,,,EN,2025-12-19T00:00:00.000Z
MALARIA_RDT_POS,Number of malaria positive cases by rapid diagnostic test (RDT),numeric,AFR,Africa,Country,BFA,Burkina Faso,Year,2015,false,,,,,,,,,,,,,6922857,,,,,,6 922 857,,,EN,2025-12-19T00:00:00.000Z
MALARIA_RDT_POS,Number of malaria positive cases by rapid diagnostic test (RDT),numeric,WPR,Western Pacific,Country,KHM,Cambodia,Year,2015,false,,,,,,,,,,,,,60686,,,,,,60 686,,,EN,2025-12-19T00:00:00.000Z
MALARIA_RDT_POS,Number of malaria positive cases by rapid diagnostic test (RDT),numeric,AFR,Africa,Country,CMR,Cameroon,Year,2015,false,,,,,,,,,,,,,600930,,,,,,600 930,,,EN,2025-12-19T00:00:00.000Z
MALARIA_RDT_POS,Number of malaria positive cases by rapid diagnostic test (RDT),numeric,AFR,Africa,Country,LBR,Liberia,Year,2015,false,,,,,,,,,,,,,635730,,,,,,635 730,,,EN,2025-12-19T00:00:00.000Z
MALARIA_RDT_POS,Number of malaria positive cases by rapid diagnostic test (RDT),numeric,AFR,Africa,Country,TCD,Chad,Year,2015,false,,,,,,,,,,,,,637472,,,,,,637 472,,,EN,2025-12-19T00:00:00.000Z
MALARIA_RDT_POS,Number of malaria positive cases by rapid diagnostic test (RDT),numeric,EMR,Eastern Mediterranean,Country,PAK,Pakistan,Year,2015,false,,,,,,,,,,,,,65729,,,,,,65 729,,,EN,2025-12-19T00:00:00.000Z
MALARIA_RDT_POS,Number of malaria positive cases by rapid diagnostic test (RDT),numeric,AFR,Africa,Country,GNQ,Equatorial Guinea,Year,2015,false,,,,,,,,,,,,,6578,,,,,,6578,,,EN,2025-12-19T00:00:00.000Z
MALARIA_RDT_POS,Number of malaria positive cases by rapid diagnostic test (RDT),numeric,AMR,Americas,Country,MEX,Mexico,Year,2015,false,,,,,,,,,,,,,7,,,,,,7,,,EN,2025-12-19T00:00:00.000Z
MALARIA_RDT_POS,Number of malaria positive cases by rapid diagnostic test (RDT),numeric,AFR,Africa,Country,MOZ,Mozambique,Year,2015,false,,,,,,,,,,,,,7487064,,,,,,7 487 064,,,EN,2025-12-19T00:00:00.000Z
MALARIA_RDT_POS,Number of malaria positive cases by rapid diagnostic test (RDT),numeric,AFR,Africa,Country,NGA,Nigeria,Year,2015,false,,,,,,,,,,,,,7511712,,,,,,7 511 712,,,EN,2025-12-19T00:00:00.000Z
MALARIA_RDT_POS,Number of malaria positive cases by rapid diagnostic test (RDT),numeric,SEAR,South-East Asia,Country,NPL,Nepal,Year,2015,false,,,,,,,,,,,,,725,,,,,,725,,,EN,2025-12-19T00:00:00.000Z
MALARIA_RDT_POS,Number of malaria positive cases by rapid diagnostic test (RDT),numeric,AFR,Africa,Country,GIN,Guinea,Year,2015,false,,,,,,,,,,,,,758768,,,,,,758 768,,,EN,2025-12-19T00:00:00.000Z
MALARIA_RDT_POS,Number of malaria positive cases by rapid diagnostic test (RDT),numeric,EMR,Eastern Mediterranean,Country,DJI,Djibouti,Year,2015,false,,,,,,,,,,,,,7709,,,,,,7709,,,EN,2025-12-19T00:00:00.000Z
MALARIA_RDT_POS,Number of malaria positive cases by rapid diagnostic test (RDT),numeric,AMR,Americas,Country,HND,Honduras,Year,2015,false,,,,,,,,,,,,,79,,,,,,79,,,EN,2025-12-19T00:00:00.000Z
MALARIA_RDT_POS,Number of malaria positive cases by rapid diagnostic test (RDT),numeric,SEAR,South-East Asia,Country,TLS,Timor-Leste,Year,2015,false,,,,,,,,,,,,,80,,,,,,80,,,EN,2025-12-19T00:00:00.000Z
MALARIA_RDT_POS,Number of malaria positive cases by rapid diagnostic test (RDT),numeric,WPR,Western Pacific,Country,SLB,Solomon Islands,Year,2015,false,,,,,,,,,,,,,9205,,,,,,9205,,,EN,2025-12-19T00:00:00.000Z
MALARIA_RDT_POS,Number of malaria positive cases by rapid diagnostic test (RDT),numeric,AFR,Africa,Country,COM,Comoros,Year,2015,false,,,,,,,,,,,,,921,,,,,,921,,,EN,2025-12-19T00:00:00.000Z
MALARIA_RDT_POS,Number of malaria positive cases by rapid diagnostic test (RDT),numeric,AFR,Africa,Country,MDG,Madagascar,Year,2015,false,,,,,,,,,,,,,934909,,,,,,934 909,,,EN,2025-12-19T00:00:00.000Z
MALARIA_RDT_POS,Number of malaria positive cases by rapid diagnostic test (RDT),numeric,SEAR,South-East Asia,Country,THA,Thailand,Year,2015,false,,,,,,,,,,,,,9405,,,,,,9405,,,EN,2025-12-19T00:00:00.000Z
